#,Keyword,中文释义,Country,Difficulty,Volume,CPC,CPS,Parent Keyword,Last Update,SERP Features,Global volume,Traffic potential,Global traffic potential,First seen,Intents
1,translate,翻译,no,81,1480000,0.20,0.21,translate,2025-10-22 00:00:44,"Knowledge card,Sitelinks,Video preview",253100000,198000,198000,2015-09-01,"Informational,Non-branded,Non-local"
2,porn,A片,no,96,425000,0.50,1.14,pornhub,2025-10-24 13:32:15,Sitelinks,113800000,1380000,304000000,2015-09-01,"Navigational,Non-branded,Non-local"
3,værmelding for i morgen,明天的天气预报,no,41,257000,0.15,,været for oslo,2025-10-20 15:24:02,Sitelinks,272000,6400,6500,2018-01-30,"Informational,Non-branded,Non-local"
4,porno,色情,no,87,232000,0.45,1.27,porno,2025-10-21 19:02:29,,185600000,594000,203100000,2015-09-01,"Non-branded,Non-local"
5,kalender 2025,日历 2025,no,12,142000,0.15,,kalender 2025,2025-10-22 02:08:57,"Sitelinks,Thumbnail",2820000,158000,159000,2015-09-23,"Informational,Non-branded,Non-local"
6,marius borg høiby,马吕斯·博格·霍伊比,no,8,108000,0.20,0.57,marius høiby,2025-10-20 23:02:40,"Top stories,Thumbnail,Knowledge panel,People also ask,Video preview",281000,600,600,2015-09-10,"Informational,Non-branded,Non-local"
7,translator,翻译者,no,87,102000,0.20,0.19,translate,2025-10-21 05:20:33,"Knowledge card,Sitelinks",9780000,198000,198000,2015-09-01,"Informational,Non-branded,Non-local"
8,hm,嗯,no,80,94000,0.50,0.99,hm,2025-10-25 00:37:48,"Sitelinks,Knowledge panel,Video preview,Thumbnail",4140000,133000,134000,2015-09-01,"Informational,Navigational,Commercial,Non-branded,Non-local"
9,g,克,no,30,88000,0.40,0.13,vg,2025-10-25 00:47:59,"Sitelinks,People also ask,Video preview",23220000,3130000,3310000,2015-09-01,"Navigational,Non-branded,Non-local"
10,tłumacz,翻译者,no,38,79000,0.10,0.13,tlumacz,2025-10-20 23:03:18,Knowledge card,7950000,24000,968000,2015-09-01,"Informational,Non-branded,Non-local"
11,strømpriser,电价,no,18,77000,0.15,1.43,strømpriser,2025-10-21 02:40:49,"Sitelinks,People also ask",104000,123000,124000,2015-09-01,"Informational,Non-branded,Non-local"
12,storm,风暴,no,12,74000,0.25,1.01,storm,2025-10-20 19:41:53,People also ask,515000,110000,111000,2015-09-01,"Informational,Non-branded,Non-local"
13,engelsk norsk,英语 挪威语,no,7,66000,0.15,0.3,translate,2025-10-20 08:13:13,Knowledge card,69000,197000,197000,2015-09-01,"Informational,Non-branded,Non-local"
14,lånekalkulator,贷款计算器,no,7,64000,0.40,1.18,lånekalkulator,2025-10-21 01:25:29,"Sitelinks,Thumbnail",67000,28000,29000,2015-09-01,"Informational,Non-branded,Non-local"
15,eur to nok,欧元就够了,no,20,59000,0.20,0.51,eur to nok,2025-10-20 23:25:35,,69000,59000,60000,2015-09-01,"Informational,Non-branded,Non-local"
16,pent,压抑的,no,2,58000,0.35,0.98,været,2025-10-22 00:01:19,"Sitelinks,People also ask",81000,75000,78000,2015-09-01,"Informational,Non-branded,Non-local"
17,sabrina carpenter,萨布丽娜·卡彭特,no,81,58000,0.25,0.39,sabrina carpenter,2025-10-22 01:50:51,"Knowledge panel,Thumbnail,People also ask,Video preview",7200000,6000,670000,2015-09-02,"Informational,Non-branded,Non-local"
18,apotek,药店,no,69,58000,0.40,0.84,apotek 1,2025-10-21 13:44:10,"Local pack,Knowledge panel,Thumbnail,Sitelinks",251000,87000,88000,2015-09-01,"Informational,Non-branded,Non-local"
19,norwegian to english,挪威语 到 英语,no,6,57000,0.35,0.27,norwegian to english,2025-10-21 00:58:03,Knowledge card,126000,12000,10170000,2015-09-01,"Informational,Non-branded,Non-local"
20,vertejas,韦尔泰斯,no,15,56000,0.15,0.12,vertejas,2025-10-22 01:50:01,"Knowledge card,Sitelinks",928000,2500,104000,2015-09-01,"Informational,Non-branded,Non-local"
21,booking,预订,no,67,55000,0.30,0.95,booking,2025-10-21 03:42:23,Sitelinks,21860000,50000,3390000,2015-09-01,"Navigational,Commercial,Transactional,Non-branded,Non-local"
22,snake,蛇,no,72,55000,0.20,0.45,snake,2025-10-20 12:22:25,"Thumbnail,Sitelinks,Video preview",11110000,28000,3030000,2015-09-01,"Informational,Non-branded,Non-local"
23,restplass,剩余空间,no,21,55000,0.20,1.18,restplass,2025-10-24 20:32:16,"Sitelinks,Thumbnail,Video preview",58000,79000,81000,2015-09-01,"Informational,Commercial,Non-branded,Non-local"
24,oslo,奥斯陆,no,81,54000,0.20,0.33,oslo,2025-10-20 08:56:03,"Knowledge panel,Thumbnail,Sitelinks,People also ask",738000,3600,3700,2015-09-01,"Informational,Non-branded,Local"
25,påske 2025,2025 年复活节,no,0,53000,0.30,,påske 2025,2025-10-21 01:54:54,"People also ask,Knowledge panel,Sitelinks,Thumbnail",102000,26000,26000,2019-02-20,"Informational,Non-branded,Non-local"
26,free porn,免费色情片,no,28,51000,0.10,1.29,free pirn,2025-10-18 15:52:05,,12460000,50,43000,2015-09-01,"Non-branded,Non-local"
27,valutakurser,汇率,no,35,50000,0.15,1.18,valutakurser,2025-10-21 13:04:18,People also ask,161000,124000,130000,2015-09-01,"Informational,Non-branded,Non-local"
28,nok to inr,足够两卢比,no,0,48000,2.00,0.34,1 nok to inr,2025-10-22 00:31:32,Sitelinks,74000,1600,2700,2015-09-01,"Informational,Non-branded,Non-local"
29,f,f,no,6,48000,0.80,0.83,finn,2025-10-20 15:22:31,Sitelinks,9630000,1360000,1460000,2015-09-01,"Informational,Non-branded,Non-local"
30,go,去,no,68,46000,0.60,0.11,go,2025-10-13 02:01:32,"Sitelinks,Knowledge panel,People also ask",5620000,1600,1600,2015-09-01,"Informational,Non-branded,Non-local"
31,euro to nok,两欧元就够了,no,26,43000,0.35,0.56,eur to nok,2025-10-19 03:35:02,People also ask,47000,46000,46000,2015-09-01,"Informational,Non-branded,Non-local"
32,перекладач,翻译者,no,28,40000,0.15,0.21,перекладач,2025-10-20 13:44:23,"Knowledge card,Sitelinks,Video preview",9260000,800,606000,2015-09-11,"Informational,Non-branded,Non-local"
33,danby choi,蔡丹比,no,0,39000,0.90,1.09,danby choi,2025-10-21 23:45:08,"Thumbnail,Knowledge panel,Top stories",39000,14000,14000,2015-09-08,"Informational,Non-branded,Non-local"
34,odd nerdrum,奇怪的书呆子房间,no,5,39000,0.10,0.68,øde nerdrum,2025-10-24 11:57:44,"Thumbnail,People also ask,Sitelinks,Video preview,Knowledge panel",52000,12000,12000,2015-09-03,"Informational,Non-branded,Non-local"
35,translate norwegian to english,将挪威语翻译成英语,no,3,38000,0.30,0.26,translate,2025-10-21 23:58:26,Knowledge card,54000,198000,198000,2015-09-01,"Informational,Non-branded,Non-local"
36,ai,人工智能,no,98,38000,0.30,0.55,chat gpt,2025-10-24 19:34:36,"Sitelinks,People also ask,Video preview",9470000,62000,27300000,2015-09-01,"Informational,Non-branded,Non-local"
37,kryssord,填字游戏,no,12,38000,0.60,1.18,kryssord,2025-10-24 07:41:30,"Knowledge panel,Top stories,Video preview",39000,33000,33000,2015-09-01,"Informational,Non-branded,Non-local"
38,traductor,翻译者,no,48,38000,0.20,0.18,translate,2025-10-24 04:27:25,"Knowledge card,Sitelinks,Video preview",130500000,194000,194000,2015-09-01,"Informational,Non-branded,Non-local"
39,norge,挪威,no,56,37000,0.25,0.45,norge,2025-10-22 00:31:05,"Knowledge panel,Thumbnail,Sitelinks,People also ask,Top stories",80000,5600,5600,2015-09-01,"Informational,Non-branded,Non-local"
40,kalender 2024,日历 2024,no,3,37000,1.30,,røde dager 2024,2025-10-21 03:41:38,Thumbnail,1030000,43000,43000,2017-01-01,"Informational,Commercial,Non-branded,Non-local"
41,vm,虚拟机,no,3,37000,1.50,0.52,vm,2025-10-20 23:09:35,"Top stories,Thumbnail,People also ask,Knowledge panel,Sitelinks",349000,2700,2700,2015-09-04,"Informational,Non-branded,Non-local"
42,n,n,no,88,37000,0.15,0.64,nrk,2025-10-21 00:09:32,Sitelinks,3920000,696000,749000,2015-09-01,"Informational,Non-branded,Non-local"
43,kart,卡丁车,no,63,37000,0.15,0.56,1881.no kart,2025-10-22 01:11:57,Thumbnail,151000,19000,20000,2015-09-01,"Informational,Navigational,Non-branded,Non-local"
44,boliglånskalkulator,抵押贷款计算器,no,12,37000,0.50,1.18,boliglånskalkulator,2025-10-21 04:22:50,,39000,61000,62000,2015-09-01,"Informational,Non-branded,Non-local"
45,dødsannonser,讣告,no,0,37000,0.35,1.2,minnesider,2025-10-24 20:09:32,"People also ask,Thumbnail",38000,133000,134000,2015-09-01,"Informational,Non-branded,Non-local"
46,elon musk,埃隆·马斯克,no,89,36000,0.20,0.62,elon musk,2025-10-24 10:44:56,"Top stories,Thumbnail,Knowledge panel,People also ask,Sitelinks,Video preview",11750000,18000,18000,2015-09-01,"Informational,Non-branded,Non-local"
47,lyn met,与,no,0,36000,0.15,,lynradar,2025-10-20 16:00:29,,36000,52000,52000,2018-07-28,"Informational,Non-branded,Non-local"
48,bergen,卑尔根,no,79,36000,0.35,0.38,bergen,2025-10-21 22:02:36,"Knowledge panel,Thumbnail,Sitelinks,Top stories",374000,4000,4000,2015-09-01,"Informational,Non-branded,Local"
49,barcelona,巴塞罗那,no,18,34000,0.25,0.4,barcelona,2025-10-21 21:14:40,"Top stories,Thumbnail,Knowledge panel,Sitelinks",22290000,5300,5300,2015-09-01,"Informational,Non-branded,Local"
50,get inspired,获得灵感,no,0,34000,0.20,1,get inspired,2025-10-21 20:30:11,"Top ads,Sitelinks,Knowledge panel,Bottom ads,Paid sitelinks",35000,36000,36000,2015-09-01,"Informational,Commercial,Non-branded,Non-local"
51,elbil,电动车,no,2,33000,1.30,0.92,elbil,2025-10-21 20:42:16,"Top stories,Thumbnail,Sitelinks",136000,7300,8300,2015-09-01,"Informational,Non-branded,Non-local"
52,trondheim,特隆赫姆,no,67,33000,0.25,0.34,trondheim,2025-10-21 13:06:10,"Thumbnail,Sitelinks,Knowledge panel,Top stories",166000,7200,7300,2015-09-01,"Informational,Non-branded,Local"
53,minnesider,内存页,no,0,32000,0.50,1.41,minnesider,2025-10-21 15:35:02,Sitelinks,32000,130000,130000,2015-09-16,"Informational,Non-branded,Non-local"
54,jonas gahr støre,乔纳斯·加尔·斯特勒,no,9,32000,0.70,0.49,jonas,2025-10-22 00:25:56,"Top stories,Thumbnail,Knowledge panel,Sitelinks",37000,3200,3200,2015-09-01,"Informational,Non-branded,Non-local"
55,tłumacz norwesko polski,挪威语-波兰语 翻译,no,0,32000,0.30,0.56,tlumacz,2025-10-19 10:19:43,Knowledge card,35000,30000,976000,2015-09-01,"Informational,Non-branded,Non-local"
56,pogoda,天气,no,75,32000,0.15,0.44,interia pogoda,2025-10-22 00:03:41,Sitelinks,19090000,1100,209000,2015-09-01,"Informational,Non-branded,Non-local"
57,youtube to mp3,youtube 到 mp3,no,86,31000,0.60,1.35,youtube to mp3,2025-10-20 22:47:30,Sitelinks,8930000,40000,8890000,2015-09-01,"Informational,Non-branded,Non-local"
58,s,s,no,0,31000,0.20,0.41,s,2025-10-20 16:06:03,"Sitelinks,Knowledge panel,People also ask",5050000,3300,3300,2015-09-01,"Informational,Non-branded,Non-local"
59,mango,芒果,no,35,31000,0.20,0.91,mango,2025-10-20 02:47:22,"Sitelinks,People also ask",6720000,27000,27000,2015-09-01,"Informational,Commercial,Non-branded,Non-local"
60,tv,电视,no,67,31000,0.10,0.79,tv2,2025-10-21 01:06:03,"Sitelinks,People also ask",2750000,800000,818000,2015-09-01,"Informational,Commercial,Non-branded,Non-local"
61,viktor hovland,维克多·霍夫兰,no,14,31000,0.20,0.9,viktor hovland,2025-10-21 11:17:56,"Top stories,Thumbnail,People also ask",152000,7800,7800,2016-05-11,"Informational,Non-branded,Non-local"
62,a,一个,no,49,30000,0.60,0.47,aftenposten,2025-10-24 20:32:20,Sitelinks,10750000,157000,171000,2015-09-01,"Informational,Non-branded,Non-local"
63,black friday,黑色星期五,no,14,30000,0.30,0.85,when is black friday,2025-10-21 22:28:19,"Knowledge card,People also ask,Knowledge panel",3210000,400,400,2015-09-01,"Informational,Commercial,Non-branded,Non-local"
64,folkeregisteret,人口登记册,no,35,30000,0.70,1.12,folkeregisteret,2025-10-24 15:43:06,"Sitelinks,People also ask",32000,36000,37000,2015-09-01,"Informational,Non-branded,Non-local"
65,t,t,no,71,30000,0.45,0.52,t,2025-10-21 04:24:00,,5460000,2900,2900,2015-09-01,"Informational,Non-branded,Non-local"
66,ronaldo,罗纳尔多,no,88,30000,0.15,0.53,ronaldo,2025-10-21 00:44:03,"Sitelinks,Knowledge panel,Top stories,Thumbnail,People also ask",4190000,21000,21000,2015-09-01,"Informational,Non-branded,Non-local"
67,strømpris nå,现在电价,no,22,30000,0.15,1.09,strømpriser,2025-10-21 13:48:12,Sitelinks,30000,48000,48000,2016-06-13,"Informational,Non-branded,Non-local"
68,chat,聊天,no,96,30000,0.80,1.05,chatgpt,2025-10-21 10:12:01,Knowledge panel,6490000,884000,434100000,2015-09-01,"Informational,Non-branded,Non-local"
69,matteregner,数学计算器,no,0,30000,0.50,,matteregner,2025-10-22 00:00:07,People also ask,30000,11000,11000,2015-12-16,"Informational,Non-branded,Non-local"
70,airfryer,空气炸锅,no,2,29000,0.35,0.92,airfryer,2025-10-21 21:52:25,"Sitelinks,Shopping,Thumbnail",1930000,8300,8300,2015-09-01,"Informational,Commercial,Non-branded,Non-local"
71,kryssordhjelp,填字游戏帮助,no,6,29000,0.10,1.5,kryssordhjelp,2025-10-21 10:08:27,Sitelinks,30000,13000,13000,2015-09-01,"Informational,Non-branded,Non-local"
72,fotball,足球,no,35,29000,0.30,0.53,fotball,2025-10-20 13:55:53,"Sitelinks,Knowledge panel",40000,14000,14000,2015-09-01,"Informational,Non-branded,Non-local"
73,oversetter norsk engelsk,翻译挪威语英语,no,0,29000,0.30,0.25,translate,2025-10-21 01:04:35,Knowledge card,30000,199000,199000,2015-09-02,"Informational,Non-branded,Non-local"
74,calculator,计算器,no,87,29000,0.10,0.45,calculator,2025-10-24 16:54:31,"Knowledge card,Sitelinks",37450000,2500,850000,2015-09-01,"Navigational,Non-branded,Non-local"
75,solitaire,纸牌,no,89,29000,0.20,0.61,solitaire,2025-10-19 00:05:53,"Thumbnail,Sitelinks,Knowledge panel",17470000,14000,4930000,2015-09-01,"Informational,Non-branded,Non-local"
76,eur nok,足够欧元,no,21,28000,0.25,0.5,eur nok,2025-10-21 11:06:17,,46000,6200,6200,2015-09-01,"Informational,Non-branded,Non-local"
77,black friday 2024,2024 年黑色星期五,no,65,28000,0.45,,black friday,2025-10-21 09:36:14,"People also ask,Knowledge panel,Sitelinks",3080000,7600,7700,2018-10-26,"Informational,Commercial,Non-branded,Non-local"
78,vglive.no,vglive.no,no,18,28000,1.10,1.09,vglive.no,2025-10-21 05:35:29,,29000,26000,26000,2015-09-01,"Informational,Navigational,Non-branded,Non-local"
79,prinsesse märtha louise,玛莎·路易丝公主,no,2,28000,0.20,0.79,märtha louise,2025-10-20 17:56:57,"Top stories,Thumbnail,People also ask,Knowledge panel",30000,60,60,2015-10-11,"Informational,Non-branded,Non-local"
80,timer,定时器,no,76,27000,0.30,0.77,timer,2025-10-24 17:28:01,"Sitelinks,Thumbnail,Video preview",6980000,4200,683000,2015-09-01,"Informational,Non-branded,Non-local"
81,pasta carbonara,意大利面,no,0,27000,0.10,1.25,pasta carbonara,2025-10-21 02:36:56,"Thumbnail,Top stories",247000,16000,16000,2015-09-02,"Informational,Non-branded,Non-local"
82,kim wigaard,金·威加德,no,0,27000,0.20,,kim wigaard,2025-10-21 10:23:58,"Knowledge panel,People also ask,Thumbnail,Video preview,Top stories",28000,4900,4900,2018-12-03,"Informational,Non-branded,Non-local"
83,billie eilish,比莉·艾利什,no,89,27000,0.15,0.52,eilish,2025-10-22 00:17:02,"Knowledge panel,Thumbnail,Sitelinks,People also ask,Video preview",5460000,200,200,2016-02-19,"Informational,Non-branded,Non-local"
84,sophie elise,苏菲·伊莉斯,no,13,26000,0.15,0.82,sophie elise,2025-10-21 17:54:32,"Thumbnail,Sitelinks,Knowledge panel",30000,23000,23000,2015-09-01,"Informational,Non-branded,Non-local"
85,fotball i dag,今天的足球,no,22,26000,0.20,0.98,vg live,2025-10-21 22:27:15,Sitelinks,27000,477000,490000,2015-09-04,"Informational,Non-branded,Non-local"
86,tippeligaen,博彩联盟,no,9,26000,0.10,0.58,tippeligaen,2025-10-21 01:02:09,"Sitelinks,Knowledge panel",29000,32000,33000,2015-09-01,"Informational,Non-branded,Non-local"
87,beredskapslager,应急储存,no,0,26000,0.15,,beredskapslager hjemme,2025-10-24 17:58:13,"Thumbnail,Sitelinks,People also ask,Bottom ads",26000,450,450,2017-02-11,"Informational,Non-branded,Non-local"
88,haaland,哈兰德,no,15,26000,0.25,0.68,haaland,2025-10-22 00:31:16,"Top stories,Thumbnail,Knowledge panel,People also ask,Sitelinks",1210000,7600,7600,2015-09-15,"Informational,Non-branded,Non-local"
89,lucas braathen,卢卡斯·布拉森,no,0,26000,1.60,1.04,lucas braathen,2025-10-21 00:47:40,"Top stories,Thumbnail,Knowledge panel,People also ask",57000,9300,9300,2018-03-25,"Informational,Non-branded,Non-local"
90,sport i dag,今天的体育运动,no,48,26000,0.15,1.05,sport i dag,2025-10-21 23:49:29,"Sitelinks,People also ask",31000,76000,78000,2015-10-02,"Informational,Non-branded,Non-local"
91,parlamentarisme,议会制,no,2,26000,0.15,0.67,parlamentarisme,2025-10-22 02:01:45,"AI Overview,Thumbnail,Sitelinks,People also ask",28000,3000,3000,2015-09-01,"Informational,Non-branded,Non-local"
92,gulrotkake,胡萝卜蛋糕,no,2,25000,0.15,1.27,gulrotkake,2025-10-10 02:05:21,"Top stories,Thumbnail",26000,11000,11000,2015-09-01,"Informational,Non-branded,Non-local"
93,halloween,万圣节,no,13,25000,0.30,0.45,halloween,2025-10-21 15:26:11,"Knowledge card,People also ask,Thumbnail,Knowledge panel",3640000,1600,1600,2015-09-01,"Informational,Non-branded,Non-local"
94,hund,狗,no,15,25000,0.20,0.35,hund,2025-10-20 08:55:25,"Top stories,Thumbnail,Knowledge panel,People also ask,Sitelinks",368000,1000,1000,2015-09-01,"Informational,Commercial,Non-branded,Non-local"
95,julekalender 2024,2024 年圣诞日历,no,0,24000,0.20,,julekalender 2024,2025-10-20 22:50:05,,42000,10000,10000,2022-10-18,"Informational,Commercial,Non-branded,Non-local"
96,stavanger,斯塔万格,no,71,24000,0.35,0.33,stavanger,2025-10-24 17:57:43,"Thumbnail,Sitelinks,Knowledge panel,People also ask,Top stories,Video preview",128000,4900,4900,2015-09-01,"Informational,Non-branded,Local"
97,valg 2025,2025 年选举,no,31,24000,2.00,,når får vi vite hvem som vinner valget,2025-10-21 19:25:45,"Sitelinks,Top stories,Thumbnail",25000,15000,15000,2018-03-15,"Informational,Non-branded,Non-local"
98,погода завтра,明天的天气,no,0,24000,0.15,,погода завтра,2025-10-21 21:50:17,,18680000,5400,5400,2018-12-25,"Informational,Non-branded,Non-local"
99,kurs korony norweskiej,挪威克朗 汇率,no,2,24000,0.45,0.66,kurs korony norweskiej,2025-10-20 16:00:28,"Sitelinks,People also ask",61000,15000,52000,2015-09-01,"Informational,Non-branded,Non-local"
100,kristiansand,基督教沙,no,38,24000,0.35,0.33,kristiansand,2025-10-20 13:57:23,"Knowledge panel,Thumbnail,Sitelinks,Top stories",71000,2400,2400,2015-09-01,"Informational,Non-branded,Local"
101,usas president,美国总统,no,7,24000,0.20,0.27,amerikanske presidenter,2025-10-22 00:00:01,"Top stories,Thumbnail,People also ask",25000,4100,4100,2015-10-03,"Informational,Non-branded,Non-local"
102,therese johaug,特蕾莎·乔豪格,no,6,23000,0.15,0.58,therese johaug,2025-10-20 22:40:13,"Thumbnail,People also ask,Knowledge panel,Top stories",60000,8000,8000,2015-09-01,"Informational,Non-branded,Non-local"
103,skabb,疥,no,6,23000,0.15,0.91,skabb,2025-10-20 22:53:17,"People also ask,Sitelinks,Knowledge panel",50000,24000,24000,2015-09-03,"Informational,Non-branded,Non-local"
104,an,一个,no,1,23000,0.10,1.09,an,2025-10-24 11:58:02,"Sitelinks,Top stories",926000,47000,48000,2015-09-01,"Informational,Non-branded,Non-local"
105,pizza,比萨,no,1,23000,0.60,0.42,pizzadeig langpanne,2025-10-15 18:46:29,"People also ask,Thumbnail,Sitelinks,Bottom ads,Video preview",5790000,16000,16000,2015-09-01,"Informational,Non-branded,Non-local"
106,sa,在,no,55,23000,0.10,0.92,sarpsborg arbeiderblad,2025-10-24 20:09:46,"Sitelinks,Video preview",1230000,38000,38000,2015-09-01,"Informational,Non-branded,Non-local"
107,blush,脸红,no,0,23000,0.25,0.99,blush,2025-10-24 23:43:33,"Thumbnail,Sitelinks,People also ask,Shopping,Video preview",440000,22000,22000,2015-09-01,"Informational,Commercial,Non-branded,Non-local"
108,russedress,俄罗斯服装,no,3,23000,0.15,1.02,russedress,2025-10-22 00:01:03,"Sitelinks,Local pack",24000,25000,26000,2015-09-01,"Informational,Commercial,Transactional,Non-branded,Non-local"
109,low taper fade,低锥度褪色,no,0,23000,0.30,,low taper fade,2025-10-21 20:03:37,"People also ask,Video preview,Thumbnail",2780000,3500,244000,2018-06-11,"Informational,Non-branded,Non-local"
110,mine resepter,我的处方,no,42,23000,0.30,1.07,mine resepter,2025-10-21 10:15:36,Sitelinks,23000,10000,10000,2015-09-01,"Informational,Non-branded,Non-local"
111,bg,背景,no,61,23000,0.20,0.63,bg,2025-10-21 15:28:25,"Thumbnail,Sitelinks,People also ask,Video preview",1070000,15000,15000,2015-09-01,"Informational,Non-branded,Non-local"
112,english to norwegian,英语到挪威语,no,12,23000,0.15,0.28,english to norwegian,2025-10-20 16:00:05,Knowledge card,89000,3300,8500,2015-09-03,"Informational,Non-branded,Non-local"
113,kong harald,我的哈拉尔德,no,1,23000,0.15,0.48,harald v,2025-10-21 16:15:43,"Thumbnail,Knowledge panel,People also ask",27000,3500,3500,2015-09-01,"Informational,Non-branded,Non-local"
114,usd nok,美元挪威克朗,no,20,22000,0.60,0.55,usd nok,2025-10-21 05:23:09,Sitelinks,27000,7200,7200,2015-09-01,"Informational,Non-branded,Non-local"
115,albania,阿尔巴尼亚,no,9,22000,0.15,0.49,albania,2025-10-21 04:22:10,"Knowledge panel,People also ask,Thumbnail,Sitelinks",1310000,1700,1700,2015-09-02,"Informational,Non-branded,Non-local"
116,el sparkesykkel,电动滑板车,no,4,22000,0.50,1.32,elsparkesykkel,2025-10-21 19:27:23,"Sitelinks,Shopping,Thumbnail,People also ask",22000,4600,4800,2015-09-13,"Informational,Commercial,Non-branded,Non-local"
117,messi,梅西,no,79,22000,0.10,0.69,lionel messi,2025-10-20 23:03:40,"Top stories,Thumbnail,Knowledge panel,Sitelinks",5260000,6000,6000,2015-09-01,"Informational,Non-branded,Non-local"
118,b,乙,no,1,22000,0.15,0.41,b,2025-10-21 09:39:23,"People also ask,Knowledge panel",4980000,7600,7600,2015-09-01,"Informational,Non-branded,Non-local"
119,gran canaria,大加那利岛,no,3,22000,0.20,0.48,gran canaria,2025-10-21 00:46:28,"AI Overview,Thumbnail,Sitelinks,People also ask,Top stories",665000,2500,2700,2015-09-01,"Informational,Non-branded,Non-local"
120,klokke,钟,no,11,22000,0.25,0.67,klokke,2025-10-24 06:30:06,"Thumbnail,Shopping,People also ask,Sitelinks,Video preview",24000,22000,22000,2015-09-01,"Informational,Commercial,Non-branded,Non-local"
121,m,米,no,6,21000,0.20,0.46,m,2025-10-19 07:27:27,Knowledge panel,5720000,2400,2400,2015-09-01,"Informational,Non-branded,Non-local"
122,katt,凯特,no,2,21000,0.10,0.33,fakta om katter,2025-10-21 01:22:54,"Thumbnail,Knowledge panel,Sitelinks,People also ask",68000,2000,2000,2015-09-01,"Informational,Non-branded,Non-local"
123,anime,日本动画片,no,79,21000,0.10,0.47,anime,2025-10-20 21:50:09,"Thumbnail,People also ask,Sitelinks",8250000,2100,2100,2015-09-01,"Informational,Non-branded,Non-local"
124,lønnsoppgjør 2025,2025年工资结算,no,4,21000,0.20,,lønnsoppgjør 2025,2025-10-21 00:16:32,"AI Overview,People also ask,Thumbnail,Sitelinks",21000,4100,4100,2024-02-07,"Informational,Non-branded,Non-local"
125,ina wroldsen,伊娜·沃尔德森,no,19,21000,0.15,0.61,ina wroldsen,2025-10-20 08:53:36,"Knowledge panel,People also ask,Thumbnail",26000,1300,1300,2015-09-04,"Informational,Non-branded,Non-local"
126,vinterferie 2025,2025年寒假,no,6,21000,0.90,,vinterferie 2025,2025-10-21 05:22:52,People also ask,36000,6300,6300,2023-03-20,"Informational,Non-branded,Non-local"
127,minesweeper,扫雷舰,no,82,21000,0.30,0.87,minesweeper,2025-10-24 04:27:37,"Thumbnail,Sitelinks,Video preview",3730000,14000,2110000,2015-09-01,"Navigational,Non-branded,Non-local"
128,påskeferie 2025,2025 年复活节假期,no,5,21000,0.30,,kalender 2025,2025-10-20 10:21:10,"AI Overview,Thumbnail,Sitelinks,People also ask",42000,159000,160000,2022-03-10,"Informational,Non-branded,Non-local"
129,fly,飞,no,69,21000,0.25,0.64,momondo,2025-10-21 20:03:26,"Top stories,Thumbnail,People also ask,Sitelinks",348000,68000,69000,2015-09-01,"Informational,Commercial,Non-branded,Non-local"
130,lamine yamal,拉明亚马尔,no,33,21000,0.30,,lamine yamal,2025-10-20 14:02:26,"Thumbnail,People also ask,Knowledge panel,Sitelinks",4780000,3800,3800,2021-05-17,"Informational,Non-branded,Non-local"
131,kapp verde,绿头,no,6,21000,0.15,0.69,kapp verde,2025-10-24 21:26:50,"Thumbnail,People also ask,Knowledge panel,Sitelinks,Video preview",22000,3800,3800,2015-09-01,"Informational,Non-branded,Non-local"
132,strømpriser i dag,今日电价,no,12,21000,0.15,1.51,strømpriser,2025-10-20 19:39:33,"Sitelinks,People also ask",23000,123000,124000,2015-10-31,"Informational,Non-branded,Non-local"
133,parkering gardermoen,加勒穆恩停车场,no,12,21000,0.20,1.46,parkering gardermoen,2025-10-20 16:05:28,"Sitelinks,Local pack,Thumbnail,People also ask",23000,17000,17000,2015-09-02,"Informational,Commercial,Non-branded,Local"
134,nok to eur,好吧，是欧元,no,16,21000,0.30,0.62,nok til euro,2025-10-21 01:50:29,People also ask,62000,20000,20000,2015-09-02,"Informational,Non-branded,Non-local"
135,lofoten,罗弗敦群岛,no,43,21000,0.35,0.43,lofoten,2025-10-20 22:06:09,"Thumbnail,People also ask,Knowledge panel",210000,5900,5900,2015-09-01,"Informational,Non-branded,Non-local"
136,melatonin,褪黑素,no,45,20000,0.35,0.74,melatonin,2025-10-20 22:02:16,"Thumbnail,People also ask",1330000,3000,3000,2015-09-03,"Informational,Non-branded,Non-local"
137,dubai,迪拜,no,89,20000,0.30,0.43,dubai,2025-10-20 20:35:29,"Thumbnail,Sitelinks,People also ask,Knowledge panel,Top stories",3300000,1500,295000,2015-09-01,"Informational,Non-branded,Local"
138,sofa,沙发,no,1,20000,0.40,1.18,sofa,2025-10-22 00:03:43,"Thumbnail,Sitelinks,Shopping",1120000,8700,8700,2015-09-01,"Informational,Commercial,Non-branded,Non-local"
139,nok to euro,两欧元够了,no,22,20000,0.35,0.5,nok til euro,2025-10-20 23:30:56,Sitelinks,51000,20000,20000,2015-09-01,"Informational,Non-branded,Non-local"
140,e,e,no,5,20000,0.20,0.47,e,2025-10-20 22:02:05,"Knowledge card,Sitelinks",3700000,2100,2100,2015-09-01,"Informational,Non-branded,Non-local"
141,bil,曾是,no,35,20000,0.35,0.46,bil,2025-10-21 01:44:40,"Top stories,Thumbnail,Sitelinks",172000,4300,4300,2015-09-01,"Informational,Commercial,Non-branded,Non-local"
142,flybilletter,机票,no,71,20000,0.25,1.02,finn reise,2025-10-21 20:07:56,"Sitelinks,Thumbnail",58000,36000,38000,2015-09-01,"Informational,Commercial,Transactional,Non-branded,Non-local"
143,sushi,寿司,no,15,20000,0.60,0.43,sushi,2025-10-24 20:57:58,"People also ask,Thumbnail",2300000,2400,2400,2015-09-02,"Informational,Non-branded,Non-local"
144,italia,意大利,no,9,19000,0.25,0.4,italia,2025-10-21 00:48:43,"Knowledge panel,People also ask,Thumbnail,Sitelinks",997000,1500,1500,2015-09-02,"Informational,Non-branded,Non-local"
145,australia,澳大利亚,no,82,19000,0.25,0.47,australia,2025-10-24 11:57:04,"Knowledge panel,Thumbnail,People also ask,Top stories,Sitelinks,Video preview",2520000,2500,2500,2015-09-01,"Informational,Non-branded,Non-local"
146,ariana grande,阿丽安娜·格兰德,no,86,19000,0.30,0.46,ariana grande,2025-10-20 22:45:28,"Knowledge panel,Thumbnail,Sitelinks,People also ask",4090000,5700,5700,2015-09-01,"Informational,Non-branded,Non-local"
147,mbappe,姆巴佩,no,60,19000,0.10,0.6,mbappe,2025-10-21 00:28:38,"Top stories,Thumbnail,Knowledge panel,Sitelinks,People also ask",3550000,13000,13000,2016-08-06,"Informational,Non-branded,Non-local"
148,mat,垫,no,62,19000,0.10,0.46,matprat,2025-10-21 22:27:31,"Thumbnail,Sitelinks,People also ask",431000,36000,37000,2015-09-01,"Informational,Non-branded,Non-local"
149,sylvi listhaug,西尔维·利斯特豪格,no,3,19000,0.20,0.63,sylvi listhaug,2025-10-16 07:37:28,"Thumbnail,Knowledge panel,Video preview",21000,10000,10000,2015-09-03,"Informational,Non-branded,Non-local"
150,tights,紧身衣,no,0,19000,0.30,0.85,tights,2025-10-21 21:28:04,"Sitelinks,Shopping,Thumbnail",174000,18000,19000,2015-09-01,"Informational,Commercial,Transactional,Non-branded,Non-local"
151,livescore,即时比分,no,93,19000,0.35,1.03,livescore,2025-10-24 07:39:58,"Sitelinks,People also ask,Video preview",18450000,21000,17750000,2015-09-01,"Informational,Non-branded,Non-local"
152,malta,马耳他,no,15,19000,0.25,0.49,malta,2025-10-22 00:35:32,"Knowledge panel,Thumbnail,Sitelinks,People also ask",2210000,1300,1300,2015-09-01,"Informational,Non-branded,Non-local"
153,eu kontroll,我控制,no,3,18000,0.45,1.04,eu kontroll,2025-10-21 05:22:51,"People also ask,Knowledge panel",19000,34000,34000,2015-09-01,"Informational,Non-branded,Non-local"
154,tromsø,特罗姆瑟,no,65,18000,0.25,0.65,tromso,2025-10-21 00:03:20,"Thumbnail,Sitelinks,People also ask,Top stories",51000,3300,3500,2015-09-01,"Informational,Non-branded,Local"
155,gdansk,格但斯克,no,0,18000,0.25,0.51,gdańsk,2025-10-21 14:49:28,"Knowledge panel,People also ask,Thumbnail",319000,350,350,2015-09-01,"Informational,Non-branded,Local"
156,stjernetegn,星座,no,0,18000,0.20,0.88,stjernetegn,2025-10-20 23:26:57,People also ask,56000,7000,7100,2015-09-01,"Informational,Non-branded,Non-local"
157,lønnsoppgjør 2024,2024年工资结算,no,3,18000,0.25,,lønnsoppgjør 2024,2025-10-21 09:36:17,"AI Overview,Thumbnail,People also ask,Sitelinks",18000,11000,11000,2023-03-01,"Informational,Non-branded,Non-local"
158,sebastian solberg,塞巴斯蒂安·索尔伯格,no,2,18000,0.30,,sebastian solberg,2025-10-22 02:19:04,"People also ask,Knowledge panel,Thumbnail,Video preview",18000,6500,6500,2017-06-28,"Informational,Non-branded,Non-local"
159,magnesium,镁,no,0,18000,0.25,0.82,magnesium,2025-10-20 15:09:08,"AI Overview,Thumbnail,Top ads,Paid sitelinks,Knowledge panel,People also ask,Bottom ads",1400000,13000,13000,2015-09-01,"Informational,Commercial,Transactional,Non-branded,Non-local"
160,k,k,no,2,18000,0.70,0.36,k,2025-10-15 07:32:23,"People also ask,Video preview",3660000,3200,3200,2015-09-01,"Informational,Non-branded,Non-local"
161,robotstøvsuger,机器人吸尘器,no,3,18000,0.50,1.21,robotstøvsuger,2025-10-21 03:54:44,"Thumbnail,Sitelinks",44000,10000,10000,2015-09-02,"Informational,Commercial,Non-branded,Non-local"
162,vannkopper,水痘,no,0,18000,0.20,0.91,vannkopper,2025-10-21 01:49:51,"AI Overview,Thumbnail,People also ask",19000,19000,19000,2015-09-01,"Informational,Non-branded,Non-local"
163,carina dahl,卡琳娜·达尔,no,5,18000,0.15,0.55,carina dahl,2025-10-20 23:43:02,"Knowledge panel,People also ask,Thumbnail,Top stories",20000,2200,2200,2015-09-04,"Informational,Non-branded,Non-local"
164,nok to usd,挪威克朗兑换美元,no,7,18000,0.25,0.42,nok to usd,2025-10-24 18:28:36,"People also ask,Sitelinks",59000,2700,3500,2015-09-01,"Informational,Non-branded,Non-local"
165,translate english to norwegian,将英语翻译成挪威语,no,12,18000,0.40,0.33,translate,2025-10-21 01:00:06,Knowledge card,25000,7100,7100,2015-09-01,"Informational,Non-branded,Non-local"
166,norsk kalender 2025,挪威日历 2025,no,25,18000,0.15,,kalender 2025,2025-10-22 00:03:47,Sitelinks,19000,158000,159000,2018-08-07,"Informational,Non-branded,Non-local"
167,thailand,泰国,no,30,18000,0.15,0.47,thailand,2025-10-21 23:40:51,"Knowledge panel,People also ask,Thumbnail",1920000,1400,1400,2015-09-01,"Informational,Non-branded,Non-local"
168,boots,靴子,no,16,18000,0.20,0.77,boots apotek,2025-10-24 20:32:58,"Sitelinks,Shopping,Thumbnail,Video preview",3210000,42000,42000,2015-09-01,"Informational,Navigational,Commercial,Non-branded,Non-local"
169,georgia,乔治亚州,no,84,18000,0.30,0.46,georgia,2025-10-20 10:23:28,"Thumbnail,People also ask,Knowledge panel,Sitelinks",1330000,3700,3700,2015-09-07,"Informational,Non-branded,Non-local"
170,konkurs,竞赛,no,3,18000,0.90,0.62,bladet,2025-10-20 23:26:30,"Top stories,Thumbnail,People also ask,Knowledge panel",91000,0,0,2015-09-03,"Informational,Non-branded,Non-local"
171,skjeggkre,胡须,no,3,18000,0.25,0.78,skjeggkre,2025-10-21 22:08:35,"Thumbnail,People also ask,Knowledge panel",20000,3700,4200,2015-11-12,"Informational,Non-branded,Non-local"
172,brokkolisalat,西兰花沙拉,no,0,18000,0.20,1.53,brokkolisalat,2025-10-21 15:30:11,"Top stories,Thumbnail",24000,5900,6000,2015-09-09,"Informational,Non-branded,Non-local"
173,vaskemaskin,洗衣机,no,1,18000,0.20,0.87,vaskemaskin,2025-10-24 13:33:15,"Sitelinks,Shopping,Thumbnail,People also ask,Video preview",19000,12000,12000,2015-09-01,"Informational,Commercial,Non-branded,Non-local"
174,is,是,no,1,18000,1.10,0.64,is,2025-10-21 02:00:02,Sitelinks,3030000,2300,2300,2015-09-01,"Informational,Non-branded,Non-local"
175,skolen,学校,no,16,18000,0.40,0.38,skolen,2025-10-25 00:47:56,"Sitelinks,Local pack,Thumbnail,Video preview",18000,33000,33000,2015-09-18,"Informational,Non-branded,Non-local"
176,oversetter engelsk norsk,翻译 英语 挪威语,no,0,18000,0.20,0.3,translate,2025-10-21 00:50:44,Knowledge card,18000,199000,199000,2015-09-01,"Informational,Non-branded,Non-local"
177,campus,校园,no,0,17000,0.30,0.93,campus,2025-10-24 18:48:03,"Sitelinks,People also ask,Local pack,Thumbnail,Video preview",696000,17000,17000,2015-09-02,"Informational,Non-branded,Non-local"
178,støvsuger,吸尘器,no,0,17000,0.50,0.94,støvsuger,2025-10-19 17:10:07,People also ask,38000,11000,11000,2015-09-01,"Informational,Commercial,Non-branded,Non-local"
179,gunnar sønsteby,贡纳尔·桑斯特比,no,7,17000,0.20,0.65,gunnar sønsteby,2025-10-20 22:00:37,"Thumbnail,People also ask,Knowledge panel,Sitelinks,Video preview",58000,10000,10000,2015-09-22,"Informational,Non-branded,Non-local"
180,bilder,图片,no,5,17000,0.70,0.28,desenio,2025-10-19 00:41:37,"Thumbnail,Sitelinks",416000,13000,13000,2015-09-01,"Informational,Commercial,Non-branded,Non-local"
181,ur,你的,no,13,17000,0.20,0.49,klokke,2025-10-21 20:40:48,"People also ask,Knowledge panel",297000,18000,18000,2015-09-03,"Informational,Non-branded,Non-local"
182,valuta,货币,no,30,17000,0.15,1.05,valutakalkulator,2025-10-21 09:02:25,"Sitelinks,People also ask",209000,330000,353000,2015-09-01,"Informational,Non-branded,Non-local"
183,mail,邮件,no,98,17000,0.15,0.52,gmail,2025-10-21 02:03:18,"Sitelinks,People also ask",6280000,31000,11230000,2015-09-01,"Informational,Non-branded,Non-local"
184,spansk norsk,西班牙语 挪威语,no,6,17000,0.20,0.38,translate,2025-10-19 06:17:54,Knowledge card,20000,197000,197000,2015-09-15,"Informational,Non-branded,Non-local"
185,hotels,酒店,no,66,17000,1.90,0.98,hotels,2025-10-21 01:07:50,Sitelinks,1190000,20000,20000,2015-09-01,"Informational,Commercial,Transactional,Non-branded,Non-local"
186,sko,鞋,no,42,17000,0.25,1.09,skoringen,2025-10-21 03:52:00,"Thumbnail,Sitelinks",81000,17000,17000,2015-09-01,"Informational,Commercial,Non-branded,Non-local"
187,sanna marin,桑娜·马林,no,33,17000,0.20,0.59,sanna marin,2025-10-20 23:03:16,"Thumbnail,Sitelinks,Knowledge panel",364000,3600,3600,2016-12-10,"Informational,Non-branded,Non-local"
188,cristiano ronaldo,克里斯蒂亚诺·罗纳尔多,no,85,17000,0.35,0.67,ronaldo,2025-10-21 01:33:29,"Top stories,Thumbnail,Knowledge panel,Sitelinks,People also ask",5690000,21000,21000,2015-09-01,"Informational,Non-branded,Non-local"
189,ledige stillinger,空缺职位,no,45,17000,0.10,1.04,nav jobb,2025-10-20 13:31:14,Sitelinks,25000,28000,28000,2015-09-01,"Informational,Non-branded,Non-local"
190,tina turner,蒂娜·特纳,no,74,17000,0.15,0.51,tina turner,2025-10-21 22:05:52,"Knowledge panel,People also ask,Thumbnail,Sitelinks,Video preview",1140000,200,200,2015-09-01,"Informational,Non-branded,Non-local"
191,skattekalkulator,税收计算器,no,1,17000,0.40,1.23,skattekalkulator,2025-10-24 17:52:50,,19000,27000,28000,2015-09-08,"Informational,Non-branded,Non-local"
192,oversettelse,翻译,no,2,17000,0.30,0.16,translate,2025-10-21 20:42:27,"Knowledge card,Sitelinks,People also ask",18000,198000,198000,2015-09-01,"Informational,Non-branded,Non-local"
193,kursy walut,汇率,no,42,17000,4.00,1.16,kursy walut,2025-10-24 01:58:22,"Sitelinks,People also ask",191000,3300,32000,2015-09-01,"Informational,Non-branded,Non-local"
194,titanic,泰坦尼克号,no,76,17000,0.20,0.51,titanic,2025-10-21 05:22:52,"AI Overview,Thumbnail,People also ask,Knowledge panel,Sitelinks",2120000,8700,8700,2015-09-01,"Informational,Non-branded,Non-local"
195,charlotte tilbury,夏洛特蒂尔伯里,no,16,17000,0.40,0.73,charlotte tilbury,2025-10-24 22:10:19,"Sitelinks,People also ask,Shopping,Thumbnail,Video preview",1490000,10000,10000,2015-09-02,"Informational,Commercial,Non-branded,Non-local"
196,varmepumpe,热泵,no,8,17000,1.10,0.93,toshiba varmepumpe,2025-10-21 21:27:13,"Top ads,Paid sitelinks,Shopping,Thumbnail,Sitelinks,People also ask,Bottom ads",37000,1800,2300,2015-09-02,"Informational,Commercial,Non-branded,Non-local"
197,emma ellingsen,艾玛·埃林森,no,0,16000,0.25,0.78,emma ellingsen,2025-10-20 16:33:14,"Knowledge panel,People also ask,Thumbnail",22000,3600,3600,2015-09-17,"Informational,Non-branded,Non-local"
198,magnus carlsen,马格努斯·卡尔森,no,16,16000,0.20,0.78,magnus carlsen,2025-10-20 22:59:34,"Thumbnail,People also ask,Knowledge panel",620000,5700,5700,2015-09-01,"Informational,Non-branded,Non-local"
199,bali,巴厘岛,no,49,16000,0.20,0.43,bali,2025-10-20 19:14:39,"Knowledge panel,People also ask,Thumbnail",2370000,1000,1000,2015-09-02,"Informational,Non-branded,Local"
200,martin ødegaard,马丁·厄德高,no,24,16000,0.10,0.8,martin ødegaard,2025-10-21 02:37:02,"Top stories,Thumbnail,Knowledge panel,People also ask,Sitelinks",225000,4300,4300,2015-09-02,"Informational,Non-branded,Non-local"
201,norsk spansk,挪威语 西班牙语,no,0,16000,0.35,0.39,spansk oversetter,2025-10-24 02:41:36,"Knowledge card,Video preview",18000,1700,2300,2015-09-06,"Informational,Non-branded,Non-local"
202,ålesund,奥勒松,no,26,16000,0.35,0.36,ålesund,2025-10-21 03:54:28,"AI Overview,Sitelinks,Thumbnail,People also ask",34000,6600,6600,2015-09-01,"Informational,Non-branded,Local"
203,alicante,阿利坎特,no,0,16000,0.30,0.39,alicante,2025-10-24 03:57:12,"People also ask,Thumbnail,Video preview,Knowledge panel",724000,600,600,2015-09-02,"Informational,Non-branded,Local"
204,sommerkjole,夏装,no,0,16000,0.20,0.97,sommerkjole,2025-10-21 21:43:54,"Sitelinks,Thumbnail,Shopping",21000,7600,7600,2015-09-04,"Informational,Commercial,Transactional,Non-branded,Non-local"
205,kjøretøyopplysninger,车辆信息,no,0,16000,0.20,1.03,kjøretøyopplysninger,2025-10-22 00:01:20,Sitelinks,16000,22000,22000,2015-09-01,"Informational,Non-branded,Non-local"
206,buzz cut,嗡嗡声剪辑,no,5,16000,0.20,0.22,buzz cut,2025-10-19 04:08:16,"People also ask,Knowledge panel,Video preview,Thumbnail,Sitelinks",3340000,450,121000,2015-09-05,"Informational,Non-branded,Non-local"
207,it,它,no,67,16000,1.00,0.6,it,2025-10-20 21:46:02,"AI Overview,Thumbnail,Sitelinks,People also ask",1940000,13000,13000,2015-09-01,"Informational,Non-branded,Non-local"
208,spania,西班牙,no,21,16000,0.20,0.46,spania,2025-10-21 15:37:55,"Thumbnail,Sitelinks,Knowledge panel",49000,2400,2500,2015-09-01,"Informational,Non-branded,Non-local"
209,cole palmer,科尔·帕尔默,no,38,16000,0.50,,cole palmer,2025-10-22 00:31:04,"Thumbnail,Sitelinks,Knowledge panel,People also ask",1190000,6000,266000,2016-03-08,"Informational,Non-branded,Non-local"
210,island,岛,no,3,16000,0.25,0.54,island,2025-10-21 04:18:06,"Knowledge panel,People also ask,Thumbnail,Sitelinks",582000,1100,1100,2015-09-01,"Informational,Non-branded,Non-local"
211,amerikanske pannekaker,美式煎饼,no,0,16000,0.15,1.34,amerikanske pannekaker,2025-10-20 23:27:56,Thumbnail,17000,16000,16000,2015-09-01,"Informational,Non-branded,Non-local"
212,nattbord,床头柜,no,0,16000,0.15,1.61,vegghengt nattbord,2025-10-22 00:00:43,Thumbnail,17000,3500,3600,2015-09-02,"Informational,Commercial,Non-branded,Non-local"
213,preikestolen,讲坛,no,30,16000,0.10,0.47,preikestolen,2025-10-20 16:00:02,"People also ask,Knowledge panel,Thumbnail",77000,3400,3400,2015-09-01,"Informational,Non-branded,Non-local"
214,blomster,花朵,no,8,16000,0.50,0.53,mester grønn,2025-10-20 13:55:56,"Knowledge panel,Thumbnail,Sitelinks",49000,48000,48000,2015-09-01,"Informational,Commercial,Transactional,Non-branded,Non-local"
215,milf,摩洛伊斯兰解放阵线,no,39,16000,0.80,0.94,milf,2025-10-21 17:34:32,People also ask,2920000,8000,8000,2015-09-01,"Informational,Non-branded,Non-local"
216,avicii,艾维奇,no,71,16000,0.25,0.86,avicii,2025-10-24 19:29:20,"People also ask,Thumbnail,Sitelinks,Video preview,Knowledge panel",856000,8400,8400,2015-09-01,"Informational,Non-branded,Non-local"
217,julekalender,圣诞日历,no,1,16000,0.30,0.94,julekalender,2025-10-20 07:24:53,"Thumbnail,Knowledge panel,Top stories",35000,15000,15000,2015-09-01,"Informational,Commercial,Non-branded,Non-local"
218,gjerdrum,栅栏室,no,6,16000,3.00,0.45,gjerdrum,2025-10-22 01:41:11,"Sitelinks,People also ask",16000,5500,5500,2015-09-01,"Informational,Non-branded,Local"
219,godteri,糖果,no,7,16000,0.25,0.65,godteri,2025-10-20 08:56:16,"Sitelinks,Thumbnail",16000,2700,2800,2015-09-08,"Informational,Commercial,Non-branded,Non-local"
220,pergola,凉棚,no,3,16000,0.60,0.63,pergola,2025-10-21 00:40:30,"Shopping,Thumbnail,People also ask",924000,3100,3100,2015-09-05,"Informational,Commercial,Transactional,Non-branded,Non-local"
221,euro nok,欧元足够,no,21,16000,0.20,0.53,valutakalkulator,2025-10-24 10:40:53,"People also ask,Sitelinks",24000,310000,333000,2015-09-01,"Informational,Non-branded,Non-local"
222,qatar,卡塔尔,no,90,16000,0.20,0.6,qatar airways,2025-10-20 23:24:48,"Knowledge panel,Sitelinks,People also ask,Thumbnail",1680000,14000,2190000,2015-09-01,"Informational,Non-branded,Non-local"
223,sukker,糖,no,9,16000,1.40,1.02,sukker,2025-10-20 18:42:27,"Sitelinks,Knowledge panel",21000,18000,18000,2015-09-01,"Informational,Non-branded,Non-local"
224,capybara,水豚,no,56,16000,0.30,0.43,capybara,2025-10-21 00:29:47,"People also ask,Thumbnail,Sitelinks,Knowledge panel,Video preview",3220000,800,140000,2015-09-02,"Informational,Non-branded,Non-local"
225,gen z,Z世代,no,80,16000,0.30,0.69,gen z,2025-10-21 09:34:21,"AI Overview,Thumbnail,People also ask,Knowledge panel,Sitelinks",1780000,13000,13000,2016-09-17,"Informational,Non-branded,Non-local"
226,lungebetennelse,肺炎,no,3,16000,1.00,1,lungebetennelse,2025-10-19 17:12:45,"AI Overview,Thumbnail,People also ask",17000,17000,17000,2015-09-03,"Informational,Non-branded,Non-local"
227,padel,跌倒了,no,0,15000,0.40,0.54,padel tennis,2025-10-20 15:08:27,"Local pack,People also ask,Knowledge panel,Thumbnail,Sitelinks,Video preview",1180000,1000,1000,2015-09-03,"Informational,Non-branded,Non-local"
228,translate norsk engelsk,翻译 挪威语 英语,no,0,15000,0.15,0.22,translate,2025-10-22 00:00:33,Knowledge card,15000,198000,198000,2015-09-16,"Informational,Non-branded,Non-local"
229,michael jackson,迈克尔·杰克逊,no,81,15000,0.10,0.46,michael jackson,2025-10-24 20:58:33,"Knowledge panel,People also ask,Thumbnail,Sitelinks,Video preview",3090000,900,900,2015-09-01,"Informational,Non-branded,Non-local"
230,brynjar meling,褐变面粉,no,0,15000,0.70,0.75,brynjar meling,2025-10-21 18:28:54,"Thumbnail,People also ask,Knowledge panel",15000,9200,9200,2015-09-22,"Informational,Non-branded,Non-local"
231,i,我,no,12,15000,0.30,0.54,i,2025-10-19 00:05:03,"Thumbnail,People also ask,Video preview",4550000,2300,2300,2015-09-01,"Informational,Non-branded,Non-local"
232,hotell oslo,奥斯陆酒店,no,10,15000,1.30,0.92,hotell oslo,2025-10-20 13:21:48,"Sitelinks,Thumbnail",18000,5600,5900,2015-09-01,"Informational,Commercial,Transactional,Non-branded,Local"
233,høstferie 2024,2024 年秋季假期,no,4,15000,0.25,,høstferie 2024,2025-10-21 00:45:22,People also ask,15000,11000,11000,2022-10-31,"Informational,Non-branded,Non-local"
234,disk,磁盘,no,1,15000,0.15,0.03,google disk,2025-10-22 02:04:23,,102000,900,1000,2015-09-01,"Informational,Non-branded,Non-local"
235,åge aleksandersen,奥格·亚历山大森,no,10,15000,0.10,0.5,åge aleksandersen,2025-10-20 09:02:06,"Knowledge panel,Sitelinks,Thumbnail",15000,2200,2200,2015-09-03,"Informational,Non-branded,Non-local"
236,tłumacz polsko norweski,波兰语-挪威语翻译,no,6,15000,0.20,0.35,tlumacz,2025-10-19 17:26:44,Knowledge card,18000,30000,976000,2015-09-01,"Informational,Non-branded,Non-local"
237,lillebjørn nilsen,利勒比约恩·尼尔森,no,11,15000,0.15,0.51,lillebjørn nilsen,2025-10-21 00:42:09,"People also ask,Knowledge panel,Sitelinks",15000,400,400,2015-09-05,"Informational,Non-branded,Non-local"
238,færøyene,法罗群岛,no,0,15000,0.25,0.59,færøyene,2025-10-22 00:17:18,"Thumbnail,Sitelinks,People also ask,Knowledge panel",15000,5400,5400,2015-09-01,"Informational,Non-branded,Non-local"
239,ingrid alexandra,英格丽德·亚历山德拉,no,3,15000,0.15,0.48,ingrid alexandra,2025-10-21 01:21:58,"People also ask,Knowledge panel,Thumbnail",31000,5600,5700,2015-09-03,"Informational,Non-branded,Non-local"
240,sovesofa,沙发床,no,0,15000,0.40,1.91,sovesofa,2025-10-20 22:43:38,Sitelinks,41000,4900,5000,2015-09-01,"Informational,Commercial,Non-branded,Non-local"
241,currency converter,货币转换器,no,91,15000,0.20,0.72,currency converter,2025-10-21 08:53:05,Sitelinks,3290000,16000,1580000,2015-09-01,"Informational,Non-branded,Non-local"
242,bikini,比基尼,no,0,15000,0.30,1.02,bikini,2025-10-20 23:32:08,"Thumbnail,Shopping Ads,Sitelinks",1130000,5400,5400,2015-09-02,"Informational,Commercial,Transactional,Non-branded,Non-local"
243,ashwagandha,阿什瓦甘达,no,2,15000,0.25,0.8,ashwaganda,2025-10-21 22:28:23,"People also ask,Knowledge panel,Sitelinks",2910000,5100,5100,2015-09-11,"Informational,Non-branded,Non-local"
244,kredittkort,信用卡,no,42,15000,11.00,1.24,kredittkort,2025-10-20 15:10:44,Sitelinks,17000,14000,14000,2015-09-01,"Informational,Commercial,Non-branded,Non-local"
245,oversett,被忽视的,no,1,15000,0.20,0.14,translate,2025-10-20 04:30:04,Knowledge card,16000,197000,197000,2015-09-01,"Informational,Non-branded,Non-local"
246,fagmøbler,专业家具,no,0,15000,0.10,1.01,fagmøbler,2025-10-20 19:41:04,"Sitelinks,Local pack",16000,17000,17000,2015-09-01,"Informational,Navigational,Commercial,Non-branded,Non-local"
247,sofabord,茶几,no,0,15000,0.20,1.65,sidebord,2025-10-21 01:55:08,"Thumbnail,Sitelinks",43000,3800,3800,2015-09-01,"Informational,Commercial,Non-branded,Non-local"
248,malaga,马拉加,no,0,15000,0.30,0.4,malaga,2025-10-21 01:07:32,"Knowledge panel,People also ask,Thumbnail",1100000,900,900,2015-09-01,"Informational,Non-branded,Local"
249,oskar westerlin,奥斯卡·韦斯特林,no,2,15000,2.50,,oskar westerlin,2025-10-24 15:43:01,"Thumbnail,People also ask,Knowledge panel,Video preview",17000,2100,2100,2020-01-17,"Informational,Non-branded,Non-local"
250,øredobber,耳环,no,0,15000,0.35,0.89,øredobber,2025-10-24 04:02:34,"Thumbnail,Knowledge panel,Shopping,Video preview",16000,3700,3700,2015-09-08,"Informational,Commercial,Transactional,Non-branded,Non-local"
251,eminem,阿姆,no,80,15000,0.15,0.59,eminem,2025-10-21 20:27:23,"Knowledge panel,Sitelinks,People also ask,Thumbnail",2460000,1500,1500,2015-09-01,"Informational,Non-branded,Non-local"
252,våre minnesider,我们的纪念页,no,0,15000,0.50,1.29,minnesider,2025-10-21 00:19:44,,16000,129000,129000,2015-10-14,"Informational,Non-branded,Non-local"
253,vpn,VPN,no,67,15000,3.50,0.78,vpn,2025-10-22 01:03:36,"AI Overview,Sitelinks,Knowledge panel,People also ask",5330000,800,800,2015-09-01,"Informational,Non-branded,Non-local"
254,zanzibar,桑给巴尔,no,3,15000,0.30,0.5,zansibar,2025-10-20 15:08:53,"Thumbnail,People also ask,Knowledge panel,Sitelinks,Bottom ads",1220000,300,300,2015-09-02,"Informational,Non-branded,Non-local"
255,taklampe,吸顶灯,no,0,15000,0.25,1.2,taklampe,2025-10-21 15:28:51,"Sitelinks,Thumbnail,Shopping",16000,15000,15000,2015-09-01,"Informational,Commercial,Non-branded,Non-local"
256,andrew tate,安德鲁·泰特,no,59,15000,0.20,0.48,andrew tate,2025-10-21 03:40:56,"Knowledge panel,Sitelinks",1870000,1000,1000,2016-07-13,"Informational,Non-branded,Non-local"
257,stockholm,斯德哥尔摩,no,30,15000,0.35,0.38,stockholm,2025-10-21 21:41:51,"Knowledge panel,People also ask,Thumbnail,Sitelinks",725000,1000,1000,2015-09-02,"Informational,Non-branded,Local"
258,kjole,裙子,no,0,15000,0.20,0.91,kjole,2025-10-21 23:16:32,"Sitelinks,Thumbnail",27000,7300,7300,2015-09-01,"Informational,Commercial,Transactional,Non-branded,Non-local"
259,williams syndrom,威廉姆斯综合症,no,1,15000,0.15,1.02,williams syndrom,2025-10-21 05:18:37,"AI Overview,Thumbnail,Sitelinks,People also ask",24000,4400,4400,2015-09-01,"Informational,Non-branded,Non-local"
260,forfatter kryssord,作者填字游戏,no,0,15000,0.60,1.15,forfatter kryssord,2025-10-20 13:52:36,,15000,16000,17000,2015-09-07,"Informational,Non-branded,Non-local"
261,dusjkabinett,淋浴间,no,0,15000,0.30,1.57,dusjkabinett 80x80,2025-10-21 21:00:03,"Shopping,Thumbnail,Sitelinks",16000,1300,1500,2015-09-01,"Informational,Commercial,Non-branded,Non-local"
262,p,p,no,44,15000,0.45,0.42,p,2025-10-21 02:39:29,Video preview,4580000,3300,222000,2015-09-01,"Informational,Non-branded,Non-local"
263,japan,日本,no,77,15000,0.25,0.47,japan,2025-10-21 02:37:30,"Top stories,Thumbnail,Knowledge panel,People also ask,Sitelinks",1990000,3800,3800,2015-09-01,"Informational,Non-branded,Non-local"
264,fotball på tv,电视上的足球,no,43,15000,0.30,1.03,fotball på tv i dag,2025-10-21 01:08:15,Sitelinks,16000,41000,42000,2015-09-03,"Informational,Non-branded,Non-local"
265,kreatin,肌酸,no,33,15000,0.50,0.93,kreatin,2025-10-21 09:39:34,"People also ask,Shopping,Thumbnail,Knowledge panel",338000,7400,7400,2015-09-04,"Informational,Commercial,Transactional,Non-branded,Non-local"
266,sandefjord,沙质峡湾,no,51,15000,0.40,0.3,sandefjord kommune,2025-10-22 01:36:15,"Thumbnail,Sitelinks,People also ask",32000,800,800,2015-09-01,"Informational,Non-branded,Local"
267,adhd,多动症,no,12,15000,0.30,0.79,adhd,2025-10-21 01:07:15,"Sitelinks,People also ask,Top stories,Thumbnail",2530000,6000,6000,2015-09-01,"Informational,Non-branded,Non-local"
268,london,伦敦,no,93,15000,0.30,0.43,london,2025-10-21 04:18:02,"Thumbnail,People also ask,Knowledge panel,Top stories,Sitelinks",1740000,1400,1400,2015-09-01,"Informational,Non-branded,Local"
269,portugal,葡萄牙,no,8,15000,0.20,0.4,portugal,2025-10-21 05:25:00,"Knowledge panel,People also ask,Thumbnail,Sitelinks,Top stories",2940000,1100,1100,2015-09-01,"Informational,Non-branded,Non-local"
270,max manus,最大手力,no,7,14000,0.20,0.72,max manus,2025-10-22 02:20:08,"Thumbnail,People also ask",21000,8100,8100,2015-09-01,"Informational,Non-branded,Non-local"
271,document,文档,no,66,14000,0.30,0.91,document,2025-10-24 00:59:50,"Sitelinks,Thumbnail,Video preview",303000,16000,17000,2015-09-05,"Informational,Non-branded,Non-local"
272,håndball,手球,no,5,14000,0.30,0.69,håndball,2025-10-21 10:08:27,"Sitelinks,Knowledge panel,People also ask",15000,16000,16000,2015-09-01,"Informational,Non-branded,Non-local"
273,retinol,视黄醇,no,0,14000,0.20,0.81,retinol,2025-10-19 01:41:06,"People also ask,Shopping,Thumbnail",1010000,3000,3000,2015-09-03,"Informational,Non-branded,Non-local"
274,pi,圆周率,no,63,14000,0.70,0.53,pi,2025-10-21 10:48:19,"Knowledge card,People also ask,Thumbnail,Sitelinks",2170000,800,800,2015-09-01,"Informational,Non-branded,Non-local"
275,vintersko dame,女式冬季鞋,no,0,14000,0.20,1.43,vintersko dame,2025-10-20 20:31:24,"Sitelinks,Thumbnail",15000,13000,14000,2015-09-01,"Informational,Commercial,Non-branded,Non-local"
276,mopedbil,轻便摩托车,no,2,14000,0.15,0.94,mopedbil,2025-10-21 00:44:31,"Sitelinks,People also ask,Shopping,Thumbnail",25000,2500,2600,2015-09-05,"Informational,Commercial,Non-branded,Non-local"
277,freeporn,免费色情片,no,96,14000,0.10,1.29,porno,2025-10-20 19:17:18,,4060000,593000,210900000,2015-09-01,"Non-branded,Non-local"
278,arbeidsmiljøloven,工作环境法,no,17,14000,0.30,0.95,arbeidsmiljøloven,2025-10-24 11:57:37,"Sitelinks,People also ask,Video preview,Knowledge panel",15000,15000,15000,2015-09-01,"Informational,Non-branded,Non-local"
279,drivhus,温室,no,1,14000,0.45,1.45,drivhus,2025-10-24 17:57:47,"Sitelinks,Video preview",29000,3000,3000,2015-09-03,"Informational,Commercial,Transactional,Non-branded,Non-local"
280,mallorca,马洛卡,no,8,14000,0.30,0.45,mallorca,2025-10-19 22:50:03,"Knowledge panel,People also ask,Thumbnail,Sitelinks",996000,1000,1000,2015-09-02,"Informational,Non-branded,Non-local"
281,billån,汽车贷款,no,10,14000,1.90,1.31,billån,2025-10-21 05:19:02,"Sitelinks,People also ask",41000,9300,10000,2015-09-01,"Informational,Commercial,Non-branded,Non-local"
282,lenestol,扶手椅,no,0,14000,0.25,1.31,lenestol,2025-10-21 18:52:46,"Thumbnail,Sitelinks,Shopping",14000,9000,9100,2015-09-03,"Informational,Commercial,Non-branded,Non-local"
283,tv benk,电视柜,no,0,14000,0.25,1.65,tv benk,2025-10-21 19:27:50,Sitelinks,14000,12000,12000,2015-09-02,"Informational,Commercial,Non-branded,Non-local"
284,bodø,博多,no,59,14000,0.50,0.38,bodø,2025-10-22 00:02:16,"Thumbnail,People also ask,Sitelinks,Top stories",26000,1900,1900,2015-09-01,"Informational,Non-branded,Local"
285,bildeler.no,图像编号,no,49,14000,0.60,1.14,bildeler,2025-10-21 15:26:38,"Top ads,Sitelinks,Bottom ads,Paid sitelinks",14000,79000,80000,2015-09-01,"Informational,Navigational,Commercial,Transactional,Non-branded,Non-local"
286,leonard cohen,伦纳德·科恩,no,63,14000,0.15,0.59,leonard cohen,2025-10-21 10:06:12,"Knowledge panel,People also ask,Thumbnail,Sitelinks,Video preview",235000,1200,14000,2015-09-01,"Informational,Non-branded,Non-local"
287,переводчик с норвежского,翻译者 挪威语,no,0,14000,0.20,0.2,переводчик с русского на норвежский,2025-10-21 01:50:48,Knowledge card,15000,11000,11000,2016-02-22,"Informational,Non-branded,Non-local"
288,hest,马,no,4,14000,0.15,0.36,hest,2025-10-21 20:41:26,Sitelinks,36000,1400,1400,2015-09-03,"Informational,Non-branded,Non-local"
289,erna solberg,埃尔娜·索尔伯格,no,10,14000,0.30,0.45,hvor gammel er erna solberg,2025-10-20 22:02:55,"Thumbnail,Knowledge panel",16000,1200,1200,2015-09-01,"Informational,Non-branded,Non-local"
290,clark olofsson,克拉克·奥洛夫森,no,7,14000,0.30,0.64,clark olofsson,2025-10-21 01:55:33,"Thumbnail,Sitelinks,People also ask,Knowledge panel",168000,3000,17000,2015-09-18,"Informational,Non-branded,Non-local"
291,svalbard,斯瓦尔巴特群岛,no,53,14000,0.50,0.61,svalbad,2025-10-21 13:48:55,"Thumbnail,Sitelinks,People also ask,Knowledge panel,Top stories",342000,600,600,2015-09-02,"Informational,Non-branded,Non-local"
292,hva skjer i oslo,奥斯陆发生了什么,no,2,14000,0.25,1.1,hva skjer i oslo,2025-10-21 05:22:45,Sitelinks,14000,13000,13000,2015-09-01,"Informational,Non-branded,Local"
293,galdhøpiggen,加尔霍普根,no,12,14000,0.20,0.51,galdhøpiggen,2025-10-21 01:56:05,"People also ask,Thumbnail",19000,1900,1900,2015-09-01,"Informational,Non-branded,Non-local"
294,vind,寻找,no,27,14000,0.10,0.58,vind,2025-10-21 23:13:06,"Thumbnail,People also ask,Sitelinks",27000,6300,6300,2015-09-04,"Informational,Non-branded,Non-local"
295,cv,简历,no,7,14000,1.40,0.9,cv,2025-10-21 05:20:50,"AI Overview,Thumbnail,People also ask,Knowledge panel,Sitelinks",2180000,11000,11000,2015-09-01,"Informational,Non-branded,Non-local"
296,bunad,底部,no,10,14000,0.20,0.56,bunad,2025-10-19 17:09:56,"Thumbnail,People also ask,Knowledge panel,Sitelinks,Shopping,Local pack",24000,4700,4900,2015-09-02,"Informational,Commercial,Non-branded,Non-local"
297,lillehammer,小锤子,no,38,14000,0.60,0.37,lillehammer,2025-10-20 08:56:44,"Thumbnail,People also ask,Knowledge panel,Sitelinks",54000,2900,2900,2015-09-01,"Informational,Non-branded,Local"
298,euro kurs,欧元汇率,no,10,14000,0.35,0.92,valutakurser,2025-10-21 16:47:27,People also ask,436000,124000,130000,2015-09-01,"Informational,Non-branded,Non-local"
299,hoggorm,毒蛇,no,8,14000,0.20,0.54,hoggorm,2025-10-21 09:33:38,"Thumbnail,People also ask,Knowledge panel",15000,7800,7800,2015-09-02,"Informational,Non-branded,Non-local"
300,traductor noruego español,挪威语 西班牙语 翻译,no,0,14000,0.10,0.17,traductor noruego español,2025-10-21 13:05:16,Knowledge card,21000,900,1900,2015-09-01,"Informational,Non-branded,Non-local"
301,skittentøyskurv,洗衣篮,no,0,14000,0.30,1.78,skittentøyskurv,2025-10-24 04:28:06,"Thumbnail,Shopping",15000,12000,12000,2015-09-05,"Informational,Commercial,Transactional,Non-branded,Non-local"
302,spilevegg,游戏墙,no,0,14000,0.15,0.57,spilevegg,2025-10-21 09:17:46,Sitelinks,15000,4700,4700,2016-02-08,"Informational,Non-branded,Non-local"
303,farsdag,父亲节,no,0,14000,0.40,0.35,farsdag,2025-10-24 15:43:07,"Knowledge card,People also ask,Thumbnail,Knowledge panel,Video preview",23000,2600,2700,2015-09-01,"Informational,Non-branded,Non-local"
304,søndagsåpen butikk,周日开店,no,6,14000,0.20,0.26,bunnpris sandane,2025-10-21 20:02:08,Sitelinks,14000,70,70,2015-10-18,"Informational,Non-branded,Non-local"
305,ais,艾斯,no,59,14000,0.35,1.19,marinetraffic,2025-10-21 03:13:03,Knowledge panel,756000,82000,1220000,2015-09-01,"Informational,Non-branded,Non-local"
306,kebab,烤肉串,no,0,14000,0.50,0.37,kebab,2025-10-20 22:02:45,"People also ask,Thumbnail",965000,2700,2700,2015-09-02,"Informational,Commercial,Non-branded,Non-local"
307,sjakk,棋,no,24,14000,0.40,0.83,sjakk,2025-10-20 16:23:03,Knowledge panel,15000,5500,5600,2015-09-01,"Informational,Non-branded,Non-local"
308,madeira,马德拉,no,11,13000,0.25,0.57,madeira,2025-10-20 15:59:43,"Knowledge panel,People also ask,Thumbnail,Sitelinks",1120000,1400,1400,2015-09-01,"Informational,Non-branded,Non-local"
309,singapore,新加坡,no,93,13000,0.25,0.43,singapore,2025-10-20 15:09:53,"Knowledge panel,People also ask,Thumbnail,Sitelinks",2110000,1000,1000,2015-09-01,"Informational,Non-branded,Local"
310,bihulebetennelse,鼻窦炎,no,3,13000,0.10,1.04,bihulebetennelse,2025-10-15 09:38:40,"AI Overview,Thumbnail,People also ask",14000,13000,13000,2015-09-01,"Informational,Non-branded,Non-local"
311,windy,有风的,no,64,13000,0.30,0.95,windy,2025-10-21 11:12:17,Sitelinks,4180000,11000,2470000,2015-09-06,"Informational,Non-branded,Non-local"
312,cookies,曲奇饼,no,0,13000,0.10,0.61,cookies oppskrift,2025-10-22 00:16:40,"Top stories,Thumbnail",1250000,12000,12000,2015-09-01,"Informational,Non-branded,Non-local"
313,narve gilje nordås,北纳尔韦吉列,no,3,13000,0.15,,gilje nordås,2025-10-21 00:57:51,"Top stories,Thumbnail,Knowledge panel",14000,1200,1200,2016-04-04,"Informational,Non-branded,Non-local"
314,kreta,克里特岛,no,3,13000,0.30,0.51,kreta,2025-10-20 15:06:50,"Knowledge panel,Thumbnail,Sitelinks,People also ask",361000,1900,1900,2015-09-01,"Informational,Commercial,Non-branded,Local"
315,maine coon,缅因浣熊,no,0,13000,0.20,0.45,maine coon,2025-10-21 00:17:20,"Thumbnail,People also ask,Knowledge panel",1960000,5100,5100,2015-09-01,"Informational,Non-branded,Non-local"
316,vintersko,冬鞋,no,0,13000,0.25,1.11,vintersko dame,2025-10-24 13:32:37,"People also ask,Shopping,Thumbnail,Video preview",16000,13000,13000,2015-09-01,"Informational,Commercial,Non-branded,Non-local"
317,snøfreser,吹雪机,no,0,13000,0.30,1.46,snøfreser,2025-10-24 20:32:42,"Shopping,Thumbnail,Sitelinks,People also ask,Video preview",13000,3900,3900,2015-09-02,"Informational,Commercial,Transactional,Non-branded,Non-local"
318,garnacho,歌海娜,no,16,13000,0.25,,garnacho,2025-10-19 02:00:27,"Sitelinks,Knowledge panel,Video preview",803000,4900,4900,2020-09-09,"Informational,Non-branded,Non-local"
319,black,黑色的,no,33,13000,0.50,0.55,black,2025-10-21 00:50:43,"People also ask,Thumbnail,Video preview,Sitelinks",2880000,1800,265000,2015-09-01,"Informational,Commercial,Non-branded,Non-local"
320,gaming pc,游戏电脑,no,0,13000,0.35,1.09,gaming pc,2025-10-24 12:56:19,"Sitelinks,Video preview",772000,3900,3900,2015-09-01,"Informational,Commercial,Non-branded,Non-local"
321,sinful,有罪的,no,14,13000,0.30,1.01,sinful,2025-10-24 20:32:25,"Sitelinks,Video preview",156000,15000,15000,2015-09-01,"Informational,Commercial,Non-branded,Non-local"
322,kjøleskapsgrøt,冰箱粥,no,0,13000,0.20,1.35,kjøleskapsgrøt,2025-10-22 00:30:34,"Top stories,Thumbnail,Video preview",13000,4300,4400,2015-09-01,"Informational,Non-branded,Non-local"
323,solbriller,太阳镜,no,0,13000,0.25,1.22,solbriller,2025-10-21 03:54:32,"Sitelinks,Shopping,Thumbnail",29000,4400,4400,2015-09-07,"Informational,Commercial,Non-branded,Non-local"
324,oppvaskmaskin,洗碗机,no,0,13000,0.20,0.81,oppvaskmaskin,2025-10-21 15:32:47,"Shopping,Thumbnail,Sitelinks",14000,9000,9200,2015-09-02,"Informational,Commercial,Non-branded,Non-local"
325,verdenskart,世界地图,no,0,13000,0.15,0.59,verdenskart,2025-10-21 23:05:20,"Thumbnail,Shopping",14000,2400,2500,2015-09-01,"Informational,Commercial,Non-branded,Non-local"
326,molde,模具,no,38,13000,0.25,0.4,molde kommune,2025-10-24 13:32:37,"Thumbnail,Sitelinks,People also ask,Top stories,Video preview",136000,700,700,2015-09-01,"Informational,Non-branded,Local"
327,blender,混合器,no,0,13000,0.10,0.76,blender,2025-10-24 15:43:43,"Sitelinks,Shopping,Thumbnail,People also ask,Video preview",1710000,9200,1190000,2015-09-01,"Informational,Commercial,Non-branded,Non-local"
328,kjøkkenmaskin,厨房机器,no,0,13000,0.30,1.05,kjøkkenmaskin,2025-10-24 19:52:44,"Sitelinks,Thumbnail,Video preview",13000,2300,2400,2015-09-01,"Informational,Commercial,Non-branded,Non-local"
329,ida gran jansen,艾达·格兰·詹森,no,0,13000,0.15,0.88,ida gran jansen,2025-10-24 04:27:10,"Sitelinks,People also ask,Thumbnail,Video preview",14000,11000,12000,2015-09-09,"Informational,Non-branded,Non-local"
330,fredrikstad,腓特烈斯塔,no,52,13000,0.40,0.39,fredrikstad,2025-10-24 04:27:46,"Thumbnail,Sitelinks,People also ask,Top stories,Video preview,Knowledge panel",27000,3400,3500,2015-09-01,"Informational,Non-branded,Local"
331,milano,米兰,no,3,13000,0.30,0.34,milano,2025-10-21 00:56:09,"Thumbnail,People also ask,Knowledge panel",602000,800,800,2015-09-03,"Informational,Non-branded,Local"
332,mynt kryssord,硬币填字游戏,no,0,13000,0.15,1.16,mynt kryssord,2025-10-21 09:30:50,,13000,11000,11000,2015-09-07,"Informational,Non-branded,Non-local"
333,robotgressklipper,机器人割草机,no,1,13000,0.35,1.26,robotgressklipper,2025-10-24 20:10:13,"Sitelinks,Shopping,Thumbnail,People also ask,Video preview",13000,15000,15000,2015-09-07,"Informational,Commercial,Non-branded,Non-local"
334,hagemøbler,花园家具,no,3,13000,0.30,1.81,hagemøbler,2025-10-21 23:08:01,"Thumbnail,Sitelinks",14000,7700,7700,2015-09-02,"Informational,Commercial,Non-branded,Non-local"
335,tørkestativ,晾衣架,no,0,13000,0.15,1.55,tørkestativ,2025-10-21 01:48:51,"Thumbnail,Shopping",14000,4700,4800,2015-09-06,"Informational,Commercial,Non-branded,Non-local"
336,paris,巴黎,no,27,13000,0.35,0.4,paris,2025-10-20 05:44:26,"Top stories,Thumbnail,Knowledge panel,Sitelinks",3040000,1000,1000,2015-09-02,"Informational,Non-branded,Local"
337,klær,衣服,no,5,13000,0.30,1.02,klær,2025-10-24 04:27:37,"Sitelinks,Thumbnail,Shopping",14000,2600,2600,2015-09-01,"Informational,Commercial,Non-branded,Non-local"
338,new zealand,新西兰,no,94,13000,0.10,0.48,new zealand,2025-10-24 16:23:40,"Knowledge panel,Thumbnail,Sitelinks,People also ask,Video preview",1560000,900,142000,2015-09-01,"Informational,Non-branded,Non-local"
339,tønsberg,滕斯贝格,no,17,13000,0.40,0.37,tønsberg kommune,2025-10-21 11:18:56,"Sitelinks,Thumbnail,People also ask",20000,10000,10000,2015-09-01,"Informational,Non-branded,Local"
340,matthew perry,马修·佩里,no,55,13000,0.20,0.46,matthew perry,2025-10-21 17:56:36,"Knowledge panel,People also ask,Thumbnail,Sitelinks",1110000,250,99000,2015-09-01,"Informational,Non-branded,Non-local"
341,elsykkel,电动自行车,no,1,13000,0.70,1.35,elsykkel,2025-10-24 07:39:52,"Shopping,Thumbnail,People also ask,Sitelinks,Video preview",14000,7000,7100,2015-09-01,"Informational,Commercial,Non-branded,Non-local"
342,justin bieber,贾斯汀比伯,no,87,13000,0.80,0.5,justin bieber,2025-10-20 21:40:08,"Knowledge panel,People also ask,Thumbnail,Sitelinks,Video preview",2730000,700,118000,2015-09-01,"Informational,Non-branded,Non-local"
343,hemoroider,痔疮,no,2,13000,0.15,0.93,hemoroider,2025-10-21 23:57:58,"AI Overview,Thumbnail,People also ask,Sitelinks",14000,14000,14000,2015-09-02,"Informational,Non-branded,Non-local"
344,oslo city,奥斯陆市,no,27,13000,0.25,0.68,oslo city,2025-10-21 04:13:31,"Sitelinks,People also ask,Knowledge panel,Video preview",17000,5100,5200,2015-09-01,"Informational,Non-branded,Local"
345,sport på tv,电视体育节目,no,45,13000,0.30,1.07,sport i dag,2025-10-20 14:03:56,Sitelinks,57000,77000,79000,2015-09-22,"Informational,Non-branded,Non-local"
346,gbp to nok,两英镑就够了,no,11,13000,0.35,0.51,pund til nok,2025-10-21 12:26:55,People also ask,26000,15000,15000,2015-09-01,"Informational,Non-branded,Non-local"
347,halloween kostyme,万圣节服装,no,0,13000,0.30,1.04,halloween kostyme,2025-10-16 14:09:35,"Sitelinks,Thumbnail",13000,3500,3500,2015-09-10,"Commercial,Transactional,Non-branded,Non-local"
348,sverige,瑞典,no,16,13000,0.25,0.39,sverige,2025-10-19 22:46:19,"Top stories,Thumbnail,Knowledge panel",125000,1100,1100,2015-09-01,"Informational,Non-branded,Non-local"
349,lapskaus,炖,no,0,13000,0.15,1.11,lapskaus,2025-10-21 01:53:54,"Top stories,Thumbnail,People also ask,Video preview",18000,4800,4800,2015-09-01,"Informational,Non-branded,Non-local"
350,fotball på tv i dag,今天电视上播放足球比赛,no,54,13000,0.30,1.1,fotball på tv i dag,2025-10-21 01:26:29,"Sitelinks,People also ask",15000,41000,42000,2015-09-03,"Informational,Non-branded,Non-local"
351,lipødem,脂肪水肿,no,4,13000,0.10,0.94,lipødem,2025-10-21 22:03:49,"AI Overview,Thumbnail,Sitelinks,People also ask",16000,5700,5700,2015-09-13,"Informational,Non-branded,Non-local"
352,marilyn monroe,玛丽莲·梦露,no,65,13000,0.25,0.41,marilyn monroe,2025-10-20 08:57:13,"Thumbnail,People also ask,Knowledge panel,Sitelinks",1470000,4600,4600,2015-09-01,"Informational,Non-branded,Non-local"
353,jesus,耶稣,no,21,13000,0.10,0.41,jesus kristus,2025-10-21 22:28:42,"Thumbnail,People also ask,Sitelinks",1960000,900,900,2015-09-02,"Informational,Non-branded,Non-local"
354,sølvkre,银器,no,2,13000,0.20,0.77,sølvkre,2025-10-21 04:31:03,"Thumbnail,People also ask,Knowledge panel",14000,4800,4800,2015-09-01,"Informational,Non-branded,Non-local"
355,kongsberg,孔斯贝格,no,26,13000,0.40,0.39,kongsberg gruppen,2025-10-21 01:11:16,"Sitelinks,People also ask,Knowledge panel,Top stories,Thumbnail",39000,6700,20000,2015-09-02,"Informational,Non-branded,Local"
356,drammen,戏剧,no,44,13000,0.40,0.35,drammen,2025-10-22 02:05:44,"Knowledge panel,People also ask,Top stories,Thumbnail,Sitelinks",26000,1600,1600,2015-09-01,"Informational,Non-branded,Local"
357,celine dion,席琳迪翁,no,79,13000,0.20,0.54,celine dion,2025-10-21 01:07:32,"Knowledge panel,Thumbnail,Sitelinks,People also ask,Video preview",1600000,500,500,2015-09-01,"Informational,Non-branded,Non-local"
358,øde nerdrum,荒凉的地牢,no,2,13000,0.35,1.3,øde nerdrum,2025-10-24 20:10:02,"Thumbnail,People also ask,Video preview",13000,12000,12000,2017-08-26,"Informational,Non-branded,Non-local"
359,ralph lauren,拉尔夫·劳伦,no,0,13000,0.35,0.72,polo ralph lauren,2025-10-20 16:37:53,"Sitelinks,Thumbnail,Knowledge panel,Shopping",2170000,18000,1000000,2015-09-01,"Informational,Commercial,Non-branded,Non-local"
360,haugesund,桩健康,no,63,13000,0.25,0.31,haugesund,2025-10-21 04:07:51,"Thumbnail,Sitelinks,People also ask",38000,2600,2600,2015-09-01,"Informational,Non-branded,Local"
361,bh,乙肝,no,0,13000,0.40,0.8,bh,2025-10-20 22:53:51,"Sitelinks,People also ask",400000,1600,1600,2015-09-01,"Informational,Commercial,Non-branded,Non-local"
362,juletre,圣诞树,no,2,13000,0.25,0.66,juletre med lys,2025-10-20 08:56:32,"Thumbnail,Knowledge panel",14000,6700,6700,2015-09-02,"Commercial,Transactional,Non-branded,Non-local"
363,tom holland,汤姆·霍兰德,no,58,12000,0.20,0.36,tom holland,2025-10-21 08:52:30,"Thumbnail,People also ask,Knowledge panel,Sitelinks",2540000,700,700,2015-09-01,"Informational,Non-branded,Non-local"
364,gardiner,加德纳,no,1,12000,0.20,1.45,gardiner,2025-10-24 20:33:09,"Thumbnail,Sitelinks,Shopping,Video preview",70000,6400,6500,2015-09-01,"Informational,Commercial,Non-branded,Non-local"
365,23291700,23291700,no,0,12000,1.40,0.8,23291700,2025-10-20 13:47:02,"People also ask,Sitelinks",13000,5000,5100,2015-09-01,"Informational,Non-branded,Non-local"
366,riga,里加,no,12,12000,0.30,0.28,riga,2025-10-21 03:54:31,"Thumbnail,People also ask,Knowledge panel,Sitelinks",362000,450,450,2015-09-01,"Informational,Non-branded,Local"
367,vietnam,越南,no,85,12000,0.25,0.44,vietnam,2025-10-22 00:36:34,"Knowledge panel,Thumbnail,Sitelinks,People also ask",1990000,1000,1000,2015-09-01,"Informational,Non-branded,Non-local"
368,cardigan,开襟衫,no,0,12000,0.25,0.38,genser dame,2025-10-22 01:50:09,"Shopping,Thumbnail,Sitelinks,People also ask",753000,4900,4900,2015-09-03,"Informational,Commercial,Non-branded,Non-local"
369,48841237,48841237,no,0,12000,0.70,,48841237,2025-10-20 13:47:16,"Featured snippet,People also ask,Sitelinks",12000,1500,1500,2023-08-29,"Informational,Non-branded,Non-local"
370,jean paul gaultier,让·保罗·高提耶,no,36,12000,0.20,0.49,jean paul gaultier,2025-10-21 19:11:30,"Shopping,Thumbnail",1190000,2000,73000,2015-09-06,"Informational,Commercial,Non-branded,Non-local"
371,koffert,手提箱,no,1,12000,0.25,1.24,koffert salg,2025-10-21 15:00:56,"Sitelinks,Shopping,Thumbnail",13000,2800,2900,2015-09-01,"Informational,Commercial,Non-branded,Non-local"
372,restplasser,剩余名额,no,42,12000,0.20,1.38,restplass,2025-10-21 01:54:02,"Sitelinks,People also ask",12000,77000,80000,2015-09-01,"Informational,Commercial,Transactional,Non-branded,Non-local"
373,hellas,希腊,no,13,12000,0.30,0.46,hellas,2025-10-21 20:21:17,"Thumbnail,Sitelinks,Knowledge panel",46000,1400,1400,2015-09-02,"Informational,Non-branded,Non-local"
374,terrassebord,露台桌,no,0,12000,0.20,1.12,terrassebord,2025-10-20 12:14:55,"Shopping,Thumbnail,Sitelinks,People also ask",13000,3800,3900,2015-09-01,"Informational,Commercial,Non-branded,Non-local"
375,tørketrommel,烘干机,no,0,12000,0.15,0.96,tørketrommel,2025-10-21 02:39:28,"Thumbnail,People also ask,Shopping",12000,8800,8900,2015-09-01,"Informational,Commercial,Transactional,Non-branded,Non-local"
376,baderomsinnredning,浴室装饰,no,2,12000,0.35,1.47,baderomsinnredning,2025-10-20 05:44:17,People also ask,13000,2900,3000,2015-09-01,"Informational,Commercial,Non-branded,Non-local"
377,tenerife,特内里费岛,no,3,12000,0.20,0.47,tenerife,2025-10-24 11:58:14,"Knowledge panel,People also ask,Thumbnail,Sitelinks,Video preview",1070000,1300,1300,2015-09-03,"Informational,Non-branded,Local"
378,islam,伊斯兰教,no,29,12000,0.20,0.73,islam,2025-10-22 02:17:41,"Sitelinks,People also ask,Knowledge panel",715000,4700,4700,2015-09-01,"Informational,Non-branded,Non-local"
379,når kommer skattemeldingen,税务通知什么时候到达,no,9,12000,0.15,0.97,når.kommer skattemeldingen,2025-10-22 01:46:06,"Featured snippet,People also ask,Sitelinks",12000,450,450,2017-02-07,"Informational,Non-branded,Non-local"
380,skattelister,税单,no,2,12000,0.35,1.3,skattelister,2025-10-20 16:05:54,"Sitelinks,Knowledge panel,People also ask",13000,43000,43000,2015-09-01,"Informational,Non-branded,Non-local"
381,strømpris,电价,no,11,12000,0.15,1.34,strømpris,2025-10-21 00:46:04,"Sitelinks,People also ask",13000,21000,21000,2015-09-09,"Informational,Non-branded,Non-local"
382,white,白色的,no,6,12000,0.40,0.47,white,2025-10-21 00:58:38,"Sitelinks,People also ask",2180000,2000,2000,2015-09-01,"Informational,Commercial,Non-branded,Non-local"
383,cv mal,糟糕的简历,no,4,12000,1.40,1.33,cv mal,2025-10-20 15:10:36,"Top ads,Thumbnail,Bottom ads,Paid sitelinks",12000,17000,17000,2015-09-01,"Informational,Non-branded,Non-local"
384,budapest,布达佩斯,no,12,12000,0.30,0.4,budapest,2025-10-21 09:35:49,"Knowledge panel,People also ask,Thumbnail",1350000,900,900,2015-09-01,"Informational,Non-branded,Local"
385,troll,巨魔,no,19,12000,0.35,0.31,troll,2025-10-21 20:41:17,"Sitelinks,Video preview",360000,2700,2700,2015-09-01,"Informational,Non-branded,Non-local"
386,17 mai,5月17日,no,16,12000,0.20,0.46,fakta om 17 mai,2025-10-22 00:40:22,"Knowledge card,Thumbnail,People also ask,Knowledge panel,Sitelinks",16000,1300,1300,2015-09-03,"Informational,Non-branded,Non-local"
387,bank,银行,no,79,12000,2.50,0.58,sparebank 1,2025-10-20 03:15:02,"Local pack,People also ask,Sitelinks",1790000,124000,132000,2015-09-01,"Informational,Non-branded,Non-local"
388,by kryssord,城市填字游戏,no,0,12000,0.20,1.2,by kryssord,2025-10-20 13:55:57,,12000,14000,14000,2015-09-04,"Informational,Non-branded,Non-local"
389,kina,深的,no,5,12000,0.10,0.48,kina,2025-10-21 04:20:02,"Top stories,Thumbnail,Knowledge panel,Sitelinks,People also ask",102000,400,400,2015-09-01,"Informational,Non-branded,Non-local"
390,norge italia,挪威 意大利,no,0,12000,0.10,0.85,nff,2025-10-21 15:58:49,"Thumbnail,Video preview",12000,0,0,2015-09-07,"Informational,Non-branded,Non-local"
391,se eiendom,查看属性,no,42,12000,0.30,1.15,se eiendom,2025-10-24 13:33:00,"Sitelinks,Video preview",12000,12000,12000,2015-09-01,"Informational,Non-branded,Non-local"
392,u,你,no,14,12000,0.50,0.66,u,2025-10-20 22:07:53,"AI Overview,Thumbnail,Video preview",2580000,6600,297000,2015-09-02,"Informational,Non-branded,Non-local"
393,booking.no,预订号,no,0,12000,0.60,0.94,booking.no,2025-10-24 16:52:20,"Sitelinks,People also ask",12000,11000,11000,2015-09-01,"Navigational,Commercial,Transactional,Non-branded,Non-local"
394,boliglån,抵押,no,30,12000,1.50,1.22,boliglån,2025-10-21 22:39:53,Sitelinks,23000,18000,20000,2015-09-01,"Informational,Commercial,Non-branded,Non-local"
395,inga strumke,没有弹奏,no,2,12000,0.30,,inga strumke,2025-10-22 00:03:49,"Knowledge panel,People also ask,Thumbnail",12000,4500,4500,2016-07-19,"Informational,Non-branded,Non-local"
396,havregrøt,麦片,no,0,12000,0.20,1.01,havregrøt,2025-10-21 15:22:37,"Thumbnail,Top stories,People also ask",12000,12000,12000,2015-09-01,"Informational,Non-branded,Non-local"
397,sri lanka,斯里兰卡,no,22,12000,0.25,0.5,sri lanka,2025-10-21 17:56:03,"Knowledge panel,People also ask,Thumbnail,Sitelinks",1790000,1100,1100,2015-09-02,"Informational,Non-branded,Non-local"
398,vendela kirsebom,文德拉樱桃树,no,3,12000,0.50,0.53,vendela kirsebom modell,2025-10-21 22:09:13,"Knowledge panel,Thumbnail,Top stories,People also ask,Sitelinks",17000,600,600,2015-09-04,"Informational,Non-branded,Non-local"
399,burrata,布拉塔,no,0,12000,0.40,0.34,burrata,2025-10-20 16:05:36,"Thumbnail,People also ask,Shopping",1020000,4800,4800,2015-10-09,"Informational,Non-branded,Non-local"
400,world map,世界地图,no,80,12000,0.15,0.57,map of the world,2025-10-20 23:04:41,"Thumbnail,Sitelinks,Knowledge panel,People also ask",3670000,450,557000,2015-09-01,"Informational,Non-branded,Non-local"
401,å,到,no,2,12000,0.45,0.45,å,2025-10-21 05:21:27,"People also ask,Sitelinks",55000,3100,3100,2015-09-01,"Informational,Non-branded,Non-local"
402,veske,包,no,0,12000,0.20,0.83,veske,2025-10-21 21:29:49,"Thumbnail,Sitelinks,Shopping",13000,7800,7800,2015-09-07,"Informational,Commercial,Non-branded,Non-local"
403,brønnøysund,布伦讷于松,no,35,12000,0.40,0.89,brreg,2025-10-20 09:50:47,Sitelinks,14000,106000,109000,2015-09-01,"Informational,Non-branded,Local"
404,snøskred,雪崩,no,7,12000,0.10,1.04,snøskred,2025-10-20 21:48:15,"Thumbnail,Sitelinks,People also ask",12000,4200,4200,2015-10-11,"Informational,Non-branded,Non-local"
405,trans,反式,no,12,12000,0.35,0.16,translate,2025-10-21 00:46:33,"Knowledge card,People also ask",894000,199000,199000,2015-09-01,"Informational,Non-branded,Non-local"
406,gaustatoppen,高斯塔托彭,no,11,12000,0.30,0.6,gaustatoppen,2025-10-21 21:33:54,"People also ask,Knowledge panel,Thumbnail,Sitelinks",18000,1800,1800,2015-09-01,"Informational,Non-branded,Non-local"
407,madonna,麦当娜,no,83,12000,0.45,0.49,madonna,2025-10-19 00:08:09,"Thumbnail,People also ask,Sitelinks",1830000,5200,5200,2015-09-02,"Informational,Non-branded,Non-local"
408,lewis hamilton,刘易斯·汉密尔顿,no,67,12000,0.25,0.46,lewis hamilton,2025-10-21 00:42:17,"Thumbnail,People also ask",2010000,600,108000,2015-09-04,"Informational,Non-branded,Non-local"
409,tredemølle,跑步机,no,0,12000,0.60,1.09,xxl tredemølle,2025-10-24 20:45:39,"Thumbnail,Shopping,People also ask,Video preview",12000,700,700,2015-09-01,"Informational,Commercial,Transactional,Non-branded,Non-local"
410,norsk,挪威,no,74,12000,0.40,0.69,norsk tipping,2025-10-24 04:27:43,"Sitelinks,People also ask,Video preview",19000,281000,306000,2015-09-01,"Informational,Non-branded,Non-local"
411,oppenheimer,奥本海默,no,39,12000,0.25,0.62,oppenheimer,2025-10-20 01:37:43,"Knowledge panel,Sitelinks,People also ask,Video preview",2170000,7700,7700,2015-09-01,"Informational,Non-branded,Non-local"
412,krystallsyke,水晶病,no,1,12000,0.15,1.03,krystallsyke,2025-10-21 01:08:17,"AI Overview,Thumbnail,People also ask",12000,5200,5300,2015-09-02,"Informational,Non-branded,Non-local"
413,telefon,电话,no,3,12000,0.20,0.45,prikk,2025-10-24 17:57:28,"Shopping,Thumbnail,People also ask,Sitelinks,Top stories,Video preview",423000,0,0,2015-09-03,"Informational,Commercial,Transactional,Non-branded,Non-local"
414,argentina,阿根廷,no,20,12000,0.25,0.52,argentina,2025-10-22 00:01:55,"Knowledge panel,Thumbnail,People also ask,Sitelinks",2510000,4300,4300,2015-09-01,"Informational,Non-branded,Non-local"
415,tyskland,德国,no,11,12000,0.10,0.43,tyskland,2025-10-20 15:02:28,"Thumbnail,Sitelinks,People also ask,Knowledge panel,Top stories",54000,2900,2900,2015-09-01,"Informational,Non-branded,Non-local"
416,maldivene,马尔代夫,no,5,12000,0.25,0.56,maldivene,2025-10-24 20:10:09,"Knowledge panel,People also ask,Thumbnail,Sitelinks,Video preview",12000,1500,1500,2015-09-01,"Informational,Commercial,Non-branded,Non-local"
417,forbrukslån,消费贷款,no,33,12000,17.00,1.33,forbrukslån,2025-10-23 09:16:45,"AI Overview,Thumbnail,Sitelinks,Knowledge panel",13000,4400,4800,2015-09-01,"Informational,Commercial,Non-branded,Non-local"
418,isabel raad,伊莎贝尔议会,no,0,12000,0.70,0.85,isabel raad,2025-10-16 02:48:57,"People also ask,Thumbnail",14000,12000,12000,2015-09-01,"Informational,Non-branded,Non-local"
419,kypros,塞浦路斯,no,4,12000,0.25,0.56,kypros,2025-10-21 23:54:18,"Knowledge panel,People also ask,Thumbnail,Sitelinks",28000,1600,1600,2015-09-01,"Informational,Non-branded,Non-local"
420,ski,滑雪,no,13,11000,0.20,0.3,ski,2025-10-21 05:19:47,"Thumbnail,People also ask,Top stories",328000,2200,2200,2015-09-01,"Informational,Non-branded,Local"
421,amsterdam,阿姆斯特丹,no,54,11000,0.30,0.38,amsterdam,2025-10-21 18:53:53,"Knowledge panel,People also ask,Thumbnail,Sitelinks",2030000,700,700,2015-09-02,"Informational,Non-branded,Local"
422,petter northug,彼得·诺格,no,2,11000,0.15,0.77,petter northug,2025-10-20 13:56:41,"Top stories,Thumbnail,Knowledge panel",21000,5900,5900,2015-09-01,"Informational,Non-branded,Non-local"
423,dua lipa,杜阿·利帕,no,82,11000,0.15,0.56,dua lipa,2025-10-21 01:07:12,"Knowledge panel,People also ask,Thumbnail,Sitelinks,Video preview",2920000,300,300,2016-01-25,"Informational,Non-branded,Non-local"
424,pia tjelta,皮亚帐篷,no,3,11000,0.25,0.5,pia tjelta,2025-10-22 00:12:05,"Thumbnail,People also ask",13000,4100,4100,2015-09-01,"Informational,Non-branded,Non-local"
425,halsbetennelse,咽喉痛,no,0,11000,1.00,0.97,halsbetennelse,2025-10-20 07:25:37,"AI Overview,Thumbnail,People also ask",11000,13000,13000,2015-09-01,"Informational,Non-branded,Non-local"
426,danmark,丹麦,no,16,11000,0.40,0.39,danmark,2025-10-24 20:32:52,"Knowledge panel,Thumbnail,Sitelinks,People also ask,Video preview",145000,1300,1300,2015-09-01,"Informational,Non-branded,Non-local"
427,remember,记住,no,0,11000,0.90,1,remember,2025-10-21 02:38:43,"Sitelinks,People also ask",206000,16000,16000,2015-09-01,"Informational,Commercial,Non-branded,Non-local"
428,egypt,埃及,no,12,11000,0.30,0.42,egypt,2025-10-18 19:14:45,"Knowledge panel,People also ask,Thumbnail,Sitelinks,Top stories",986000,2500,2500,2015-09-01,"Informational,Non-branded,Non-local"
429,vintersko herre,男士冬季鞋,no,0,11000,0.25,1.43,vintersko herre salg,2025-10-22 00:00:23,"Sitelinks,Thumbnail,Shopping",12000,2400,2400,2015-09-26,"Informational,Commercial,Transactional,Non-branded,Non-local"
430,sykkel,自行车,no,1,11000,0.20,0.89,xxl sykkel,2025-10-21 00:55:42,"Thumbnail,Sitelinks",12000,5600,5700,2015-09-01,"Informational,Commercial,Non-branded,Non-local"
431,indeed,的确,no,70,11000,0.35,0.95,indeed,2025-10-20 20:25:28,"Sitelinks,People also ask",26850000,11000,11000,2015-09-01,"Informational,Navigational,Non-branded,Non-local"
432,traduttore,翻译者,no,48,11000,0.15,0.19,traduttore,2025-10-21 18:48:17,"Knowledge card,Sitelinks",14750000,500,73000,2015-09-01,"Informational,Non-branded,Non-local"
433,sjokolade,巧克力,no,4,11000,0.35,0.32,sjokolade,2025-10-20 22:49:36,"Thumbnail,People also ask,Top stories",12000,2200,2200,2015-09-02,"Informational,Commercial,Non-branded,Non-local"
434,hjerte,心,no,14,11000,0.15,0.3,hjerte,2025-10-21 00:50:30,"Thumbnail,People also ask,Sitelinks",27000,2800,2800,2015-09-01,"Informational,Non-branded,Non-local"
435,bruce willis,布鲁斯·威利斯,no,48,11000,0.40,0.38,bruce willis,2025-10-21 20:07:03,"Knowledge panel,People also ask,Thumbnail,Sitelinks",2240000,800,800,2015-09-01,"Informational,Non-branded,Non-local"
436,monaco,摩纳哥,no,58,11000,0.25,0.41,monaco,2025-10-21 04:07:04,"Knowledge panel,People also ask,Thumbnail,Sitelinks,Top stories",1390000,700,700,2015-09-02,"Informational,Non-branded,Local"
437,rhodos,罗德岛,no,0,11000,0.30,0.44,rhodos,2025-10-20 13:56:38,"Knowledge panel,People also ask,Thumbnail,Sitelinks,Bottom ads,Paid sitelinks",218000,800,800,2015-09-01,"Informational,Commercial,Non-branded,Local"
438,trolltunga,巨魔的舌头,no,20,11000,0.50,0.55,trolltunga,2025-10-21 00:59:15,"Thumbnail,Sitelinks,People also ask,Knowledge panel",67000,3300,3300,2015-09-01,"Informational,Non-branded,Non-local"
439,kommode,梳妆台,no,0,11000,0.15,1.16,kommode,2025-10-20 19:14:18,"Thumbnail,Sitelinks,Shopping",96000,8300,8400,2015-09-06,"Informational,Commercial,Non-branded,Non-local"
440,urinveisinfeksjon,尿路感染,no,6,11000,0.40,0.95,urinveisinfeksjon,2025-10-21 00:47:15,"AI Overview,Thumbnail,People also ask",12000,12000,12000,2015-09-01,"Informational,Non-branded,Non-local"
441,parfyme,香水,no,2,11000,0.30,0.91,parfyme,2025-10-21 00:47:33,"Sitelinks,Shopping,Thumbnail",12000,6700,6700,2015-09-02,"Informational,Commercial,Transactional,Non-branded,Non-local"
442,dagens strømpris,今日电价,no,8,11000,0.10,1.59,strømpriser,2025-10-13 17:43:21,"Sitelinks,People also ask",11000,103000,104000,2015-09-06,"Informational,Non-branded,Non-local"
443,flights,航班,no,90,11000,0.25,0.22,google flights,2025-10-24 23:42:45,"Sitelinks,Thumbnail,Video preview",6290000,4300,1000000,2015-09-03,"Commercial,Transactional,Non-branded,Non-local"
444,tegninger,图纸,no,0,11000,0.10,0.34,tegninger,2025-10-22 00:21:26,"Thumbnail,Video preview",32000,1600,1600,2015-09-03,"Informational,Non-branded,Non-local"
445,golden retriever,金毛猎犬,no,0,11000,0.15,0.33,golden retriever,2025-10-20 15:09:55,"Thumbnail,People also ask,Knowledge panel",2380000,1400,1400,2015-09-01,"Informational,Non-branded,Non-local"
446,rosacea,红斑痤疮,no,1,11000,0.15,0.79,rosacea,2025-10-21 22:28:04,"Thumbnail,Sitelinks,People also ask",838000,7200,7200,2015-09-01,"Informational,Non-branded,Non-local"
447,abid raja,阿比德王,no,5,11000,0.50,0.51,abid raja,2025-10-24 07:40:25,"Thumbnail,Knowledge panel",11000,5100,5100,2015-09-03,"Informational,Non-branded,Non-local"
448,restaurant oslo,奥斯陆餐厅,no,13,11000,0.40,0.85,restaurant oslo,2025-10-21 15:29:07,"Sitelinks,Thumbnail",12000,14000,14000,2015-09-01,"Informational,Non-branded,Local"
449,kjøkken,厨房,no,8,11000,1.40,1.02,kjøkken,2025-10-22 00:01:40,"Thumbnail,Sitelinks",12000,5100,5500,2015-09-01,"Informational,Commercial,Non-branded,Non-local"
450,bålpanne,火锅,no,0,11000,0.25,1.27,bålpanne,2025-10-21 02:31:32,"Knowledge panel,Sitelinks",12000,4400,4500,2015-09-04,"Informational,Commercial,Non-branded,Non-local"
451,stoppeklokke,跑表,no,0,11000,0.35,1,stoppeklokke,2025-10-24 11:58:19,Video preview,11000,13000,13000,2015-09-01,"Informational,Commercial,Non-branded,Non-local"
452,høytrykkspyler,高压清洗机,no,1,11000,0.20,1.12,høytrykkspyler,2025-10-24 01:58:08,"Shopping,Thumbnail,Video preview",11000,3300,3400,2015-09-01,"Informational,Commercial,Transactional,Non-branded,Non-local"
453,plissegardin,百褶窗帘,no,0,11000,1.00,1.34,plissegardin,2025-10-24 07:40:51,"Sitelinks,Video preview",18000,3200,3700,2015-09-06,"Informational,Commercial,Non-branded,Non-local"
454,alfabetet,字母表,no,9,11000,0.15,0.45,alfabetet,2025-10-21 20:41:02,"Thumbnail,People also ask,Knowledge panel",53000,2000,2100,2015-09-02,"Informational,Non-branded,Non-local"
455,santorini,圣托里尼岛,no,4,11000,0.30,0.48,santorini,2025-10-21 15:47:43,"Knowledge panel,People also ask,Thumbnail,Sitelinks",1130000,800,800,2015-09-01,"Informational,Non-branded,Non-local"
456,tlumacz norwesko polski,挪威语-波兰语 翻译,no,8,11000,0.30,0.33,tlumacz,2025-10-21 02:45:53,Knowledge card,13000,24000,968000,2015-09-03,"Informational,Non-branded,Non-local"
457,england,英格兰,no,90,11000,0.25,0.46,england,2025-10-16 02:18:06,"Sitelinks,Thumbnail,Top stories,People also ask",1170000,2500,116000,2015-09-01,"Informational,Non-branded,Non-local"
458,podcast,播客,no,8,11000,0.45,0.64,podcast,2025-10-21 23:52:16,Sitelinks,1790000,8000,8100,2015-09-01,"Informational,Non-branded,Non-local"
459,garderobeskap,衣柜,no,0,11000,0.50,1.52,garderobeskap,2025-10-21 01:30:16,"Shopping,Thumbnail,Sitelinks",11000,8100,8300,2015-09-03,"Informational,Commercial,Non-branded,Non-local"
460,kjøkkenhjelper,厨房帮手,no,0,11000,0.25,,kjøkkenhjelper barn,2025-10-21 19:16:11,"Thumbnail,Sitelinks,Knowledge panel",11000,600,600,2018-08-16,"Informational,Commercial,Non-branded,Non-local"
461,mauritius,毛里求斯,no,5,11000,0.25,0.52,mauritius,2025-10-21 02:19:30,"Knowledge panel,People also ask,Thumbnail,Sitelinks",1250000,900,900,2015-09-01,"Informational,Commercial,Non-branded,Non-local"
462,cocker spaniel,可卡犬,no,0,11000,0.25,0.3,cocker spaniel,2025-10-21 22:05:44,"Thumbnail,People also ask,Knowledge panel",792000,2200,2200,2015-09-01,"Informational,Non-branded,Non-local"
463,simen velle,西门韦勒,no,0,11000,0.30,,simen velle,2025-10-24 20:25:09,"Top stories,Thumbnail,Video preview,Knowledge panel",11000,4600,4600,2019-03-22,"Informational,Non-branded,Non-local"
464,tiger,老虎,no,45,11000,0.20,0.37,fakta om tiger,2025-10-21 22:01:43,"Thumbnail,Sitelinks,People also ask,Local pack",2170000,300,300,2015-09-01,"Informational,Non-branded,Non-local"
465,mexico,墨西哥,no,40,11000,0.15,0.46,mexico,2025-10-21 16:22:54,"Knowledge panel,People also ask,Thumbnail,Sitelinks",1960000,900,900,2015-09-01,"Informational,Non-branded,Non-local"
466,lars monsen,拉尔斯·蒙森,no,7,11000,0.40,0.68,lars monsen,2025-10-20 14:01:17,"Knowledge panel,People also ask,Sitelinks",15000,2000,2000,2015-09-01,"Informational,Non-branded,Non-local"
467,meme,模因,no,70,11000,0.15,0.33,meme generator,2025-10-21 09:35:05,"Thumbnail,Sitelinks,Knowledge panel,People also ask",2480000,12000,1220000,2015-09-01,"Informational,Non-branded,Non-local"
468,putekasse,普特卡塞,no,0,11000,0.15,1.85,putekasse,2025-10-21 23:34:33,"Thumbnail,Sitelinks,Shopping",11000,6200,6300,2015-09-01,"Informational,Commercial,Transactional,Non-branded,Non-local"
469,jakob oftebro,雅各布·奥夫特布罗,no,3,11000,0.10,0.45,jakob oftebro,2025-10-21 13:05:08,"Thumbnail,Knowledge panel,Sitelinks,People also ask",28000,3500,3500,2015-09-01,"Informational,Non-branded,Non-local"
470,fremtidsfullmakt,未来的授权书,no,2,11000,0.20,1.2,fremtidsfullmakt,2025-10-21 20:02:02,"AI Overview,Thumbnail,People also ask,Knowledge panel",12000,8400,8400,2015-09-01,"Informational,Non-branded,Non-local"
471,legevakt,急诊室,no,12,11000,0.70,0.37,legevakt,2025-10-21 20:01:25,"Local pack,Knowledge panel,People also ask,Thumbnail,Sitelinks",11000,1200,1200,2015-09-01,"Informational,Non-branded,Non-local"
472,seng,生,no,4,11000,0.50,1.25,seng,2025-10-21 19:27:58,"Sitelinks,Shopping,Thumbnail,People also ask,Bottom ads,Paid sitelinks",58000,3700,3700,2015-09-01,"Informational,Commercial,Non-branded,Non-local"
473,gøteborg,哥德堡,no,0,11000,0.60,0.41,gøteborg,2025-10-20 22:00:24,"Knowledge panel,People also ask,Thumbnail",17000,1600,1600,2015-09-01,"Informational,Non-branded,Local"
474,moldova,摩尔多瓦,no,8,11000,0.20,0.43,moldova,2025-10-21 05:20:11,"Thumbnail,People also ask,Knowledge panel,Sitelinks",490000,2700,2700,2015-09-02,"Informational,Non-branded,Non-local"
475,christmas,圣诞节,no,83,11000,0.15,0.31,christmas,2025-10-21 22:04:54,"Thumbnail,People also ask",2190000,900,219000,2015-09-04,"Informational,Non-branded,Non-local"
476,tyrkia,火鸡,no,18,11000,0.20,0.6,tyrkia,2025-10-19 01:39:40,"Thumbnail,Knowledge panel,People also ask",12000,2800,2900,2015-09-01,"Informational,Non-branded,Non-local"
477,mobilabonnement,移动订阅,no,50,11000,2.00,1.33,mobilabonnement,2025-10-21 02:43:38,"Top ads,Knowledge panel,Sitelinks,People also ask,Bottom ads,Paid sitelinks",22000,18000,20000,2015-09-01,"Informational,Commercial,Non-branded,Non-local"
478,iran,伊朗,no,26,11000,0.10,0.73,iran,2025-10-22 02:17:52,"Top stories,Thumbnail,Knowledge panel,Sitelinks,People also ask",2980000,900,900,2015-09-01,"Informational,Non-branded,Non-local"
479,montenegro,黑山,no,6,11000,0.20,0.48,montenegro,2025-10-19 12:55:47,"Knowledge panel,Thumbnail,Sitelinks,People also ask",1160000,800,800,2015-09-01,"Informational,Non-branded,Non-local"
480,skjørt,裙子,no,0,11000,0.25,0.62,skjørt,2025-10-20 04:30:46,"Thumbnail,Sitelinks",12000,2300,2400,2015-09-05,"Informational,Commercial,Non-branded,Non-local"
481,matcha,抹茶,no,0,11000,0.20,0.63,matcha,2025-10-24 04:27:20,"Shopping,Thumbnail,People also ask",1950000,6500,6500,2015-09-11,"Informational,Commercial,Non-branded,Non-local"
482,aurora,极光,no,82,11000,0.30,0.49,aurora,2025-10-21 00:19:55,"Knowledge panel,Thumbnail,People also ask,Video preview",760000,4700,4700,2015-09-01,"Informational,Non-branded,Non-local"
483,cat,猫,no,69,11000,0.30,0.3,cat,2025-10-20 03:15:02,"Thumbnail,Sitelinks,Video preview",4770000,900,900,2015-09-01,"Informational,Non-branded,Non-local"
484,finn.no eiendom,finn.无财产,no,28,11000,0.20,1.03,finn eiendom,2025-10-20 16:24:32,Sitelinks,12000,71000,73000,2015-09-01,"Informational,Navigational,Commercial,Non-branded,Non-local"
485,hvem eier bilen,谁拥有这辆车,no,8,11000,0.25,1.37,hvem eier bilen,2025-10-21 09:35:13,"People also ask,Bottom ads,Paid sitelinks",12000,15000,15000,2015-09-01,"Informational,Non-branded,Non-local"
486,kake,你是,no,5,11000,0.20,0.53,kake,2025-10-24 11:57:23,"Thumbnail,Top stories,Sitelinks,Video preview",43000,3400,3400,2015-09-01,"Informational,Non-branded,Non-local"
487,cottage cheese,干酪,no,0,11000,0.15,0.55,cottage cheese,2025-10-20 00:47:02,"Thumbnail,Shopping,People also ask",611000,3300,3300,2015-09-01,"Informational,Commercial,Non-branded,Non-local"
488,parasoll,阳伞,no,0,11000,0.20,1.67,parasoll,2025-10-21 17:46:47,"Shopping,Thumbnail",33000,3300,3300,2015-09-01,"Informational,Commercial,Transactional,Non-branded,Non-local"
489,roma,罗马人,no,23,11000,0.35,0.37,roma,2025-10-25 00:47:50,"Knowledge panel,Thumbnail,People also ask,Sitelinks,Video preview",1520000,1400,1400,2015-09-04,"Informational,Non-branded,Non-local"
490,tone damli,通达姆利,no,3,11000,1.10,0.65,tone damli aaberge,2025-10-21 09:31:18,"Top stories,Thumbnail,Knowledge panel,People also ask",12000,90,90,2015-09-01,"Informational,Non-branded,Non-local"
491,egg,蛋,no,1,11000,0.10,0.39,egg,2025-10-19 04:05:55,"Thumbnail,People also ask,Sitelinks",612000,1100,1100,2015-09-01,"Informational,Non-branded,Non-local"
492,hawaii,夏威夷,no,41,10000,0.30,0.43,hawaii,2025-10-21 00:45:43,"Knowledge panel,People also ask,Thumbnail,Sitelinks",1420000,700,700,2015-09-01,"Informational,Non-branded,Local"
493,lothepus,洛塞普斯,no,3,10000,0.20,0.71,lothepus,2025-10-20 16:27:47,"Sitelinks,Thumbnail,People also ask,Knowledge panel,Top stories",11000,5800,5800,2015-09-03,"Informational,Non-branded,Non-local"
494,norovirus,诺如病毒,no,4,10000,0.45,0.88,inkubasjonstid omgangssyke,2025-10-24 07:40:26,"Thumbnail,People also ask,Video preview,Knowledge panel",1080000,3200,3200,2015-09-08,"Informational,Non-branded,Non-local"
495,første verdenskrig,第一次世界大战,no,3,10000,0.20,0.73,første verdenskrig,2025-10-21 09:35:16,"Sitelinks,People also ask,Knowledge panel",15000,2900,2900,2015-09-02,"Informational,Non-branded,Non-local"
496,inger lise rypdal,英格·莉斯·瑞普达尔,no,4,10000,0.40,0.5,inger lise rypdal,2025-10-21 21:50:09,"Thumbnail,Sitelinks,People also ask,Knowledge panel,Video preview",11000,450,450,2015-09-02,"Informational,Non-branded,Non-local"
497,olivia rodrigo,奥利维亚·罗德里戈,no,79,10000,0.10,,olivia rodrigo,2025-10-21 04:19:36,"Knowledge panel,People also ask,Thumbnail,Sitelinks",2250000,1100,148000,2016-11-21,"Informational,Commercial,Non-branded,Non-local"
498,reverse image search,反向图像搜索,no,81,10000,0.20,1.03,reverse image search,2025-10-21 03:55:56,"Sitelinks,Thumbnail,People also ask",2560000,8000,2130000,2015-09-01,"Informational,Non-branded,Non-local"
499,rihanna,蕾哈娜,no,84,10000,0.25,0.4,rihanna,2025-10-21 21:28:29,"Knowledge panel,Thumbnail,Sitelinks,People also ask",1940000,1000,1000,2015-09-01,"Informational,Non-branded,Non-local"
500,dekk,甲板,no,43,10000,0.30,1.51,dekk,2025-10-21 23:59:54,"Thumbnail,Sitelinks",17000,7200,7400,2015-09-01,"Informational,Commercial,Non-branded,Non-local"
501,førerkort,驾驶执照,no,10,10000,0.35,0.68,førerkort,2025-10-20 01:38:09,"Sitelinks,People also ask,Knowledge panel",12000,6300,6400,2015-09-01,"Informational,Non-branded,Non-local"
502,billige flybilletter,便宜的机票,no,33,10000,0.25,1.17,momondo,2025-10-21 03:00:23,"Sitelinks,Thumbnail",24000,67000,69000,2015-09-01,"Informational,Commercial,Transactional,Non-branded,Non-local"
503,butikk,店铺,no,40,10000,0.80,0.33,butikk,2025-10-19 17:12:18,"Top stories,Thumbnail",11000,1400,1400,2015-09-01,"Informational,Commercial,Non-branded,Non-local"
504,myndin nerdrum,电影书呆子,no,0,10000,0.15,,myndin nerdrum,2025-10-20 23:10:20,"Thumbnail,Video preview",11000,3800,3800,2019-01-21,"Informational,Non-branded,Non-local"
505,praha,布拉格,no,0,10000,0.25,0.47,praha,2025-10-24 13:32:55,"Thumbnail,People also ask,Video preview,Knowledge panel",114000,1000,1000,2015-09-01,"Informational,Non-branded,Local"
506,telt,满的,no,1,10000,0.25,1.31,telt med ståhøyde,2025-10-24 23:43:08,"Shopping,Thumbnail,People also ask,Sitelinks,Video preview",23000,500,600,2015-09-01,"Informational,Commercial,Non-branded,Non-local"
507,bruce springsteen,布鲁斯·斯普林斯汀,no,77,10000,0.15,0.57,bruce springsteen,2025-10-22 00:32:05,"Knowledge panel,Sitelinks,People also ask,Top stories,Thumbnail",811000,800,800,2015-09-01,"Informational,Non-branded,Non-local"
508,løpevest,跑步背心,no,0,10000,0.20,1.07,løpevest dame,2025-10-24 21:46:26,"Thumbnail,People also ask,Video preview",11000,1000,1000,2015-09-20,"Informational,Commercial,Non-branded,Non-local"
509,wallpaper,墙纸,no,81,10000,0.50,0.53,wallpaper,2025-10-21 04:21:11,"Sitelinks,Thumbnail",5520000,1800,1880000,2015-09-01,"Informational,Non-branded,Non-local"
510,caps,帽子,no,0,10000,0.30,0.82,hatstore,2025-10-21 02:37:47,"Thumbnail,Sitelinks",307000,4300,4300,2015-09-04,"Informational,Commercial,Non-branded,Non-local"
511,biff stroganoff,沙拉酱牛肉,no,0,10000,0.20,1.38,biff stroganoff,2025-10-20 15:11:36,"Top stories,Thumbnail,People also ask",29000,7400,7400,2015-09-02,"Informational,Non-branded,Non-local"
512,kpi,关键绩效指标,no,8,10000,0.15,0.58,konsumprisindeks,2025-10-21 01:01:40,"Sitelinks,People also ask",751000,16000,16000,2015-09-01,"Informational,Non-branded,Non-local"
513,finland,芬兰,no,78,10000,0.20,0.46,358 country code,2025-10-20 22:49:23,"Thumbnail,Sitelinks,People also ask,Knowledge panel",717000,60,46000,2015-09-01,"Informational,Non-branded,Non-local"
514,fns bærekraftsmål,联合国可持续发展目标,no,19,10000,0.90,1,fns bærekraftsmål,2025-10-20 00:02:53,"Sitelinks,Knowledge panel,People also ask",10000,16000,16000,2015-10-06,"Informational,Non-branded,Non-local"
515,cockapoo,可卡波,no,0,10000,0.15,0.42,cockapoo,2025-10-20 22:50:13,"Thumbnail,People also ask,Knowledge panel,Video preview,Sitelinks",495000,3100,3100,2015-09-05,"Informational,Non-branded,Non-local"
516,stekepanne,煎锅,no,0,10000,0.20,0.88,stekepanne,2025-10-20 16:11:04,"People also ask,Sitelinks",11000,6500,6500,2015-09-03,"Informational,Commercial,Non-branded,Non-local"
517,frankrike,法国,no,13,10000,0.10,0.41,france,2025-10-24 11:57:40,"Thumbnail,Sitelinks,People also ask,Top stories,Video preview,Knowledge panel",32000,500,600,2015-09-01,"Informational,Non-branded,Non-local"
518,vinterjakke,冬季夹克,no,0,10000,0.30,1.02,vinterjakke,2025-10-21 03:49:51,,26000,9500,10000,2015-09-02,"Informational,Commercial,Non-branded,Non-local"
519,københavn,哥本哈根,no,3,10000,0.40,0.43,københavn,2025-10-19 16:56:22,"Knowledge panel,Thumbnail,People also ask",52000,1400,1400,2015-09-01,"Informational,Non-branded,Local"
520,napoleon,拿破仑,no,53,10000,0.25,0.58,napoleon,2025-10-21 20:00:21,"Sitelinks,People also ask,Knowledge panel,Video preview",941000,5700,5700,2015-09-01,"Informational,Non-branded,Non-local"
521,lillestrøm,小电流,no,12,10000,0.30,0.39,lillestrøm kommune,2025-10-21 10:27:56,"Sitelinks,Thumbnail,People also ask",13000,3400,3400,2015-09-01,"Informational,Non-branded,Local"
522,carbonara,卡纳纳拉,no,0,10000,0.15,1.12,pasta carbonara,2025-10-21 18:31:23,"Thumbnail,Top stories",957000,16000,16000,2015-09-01,"Informational,Non-branded,Non-local"
523,isbitmaskin,制冰机,no,0,10000,0.10,1.61,isbitmaskin,2025-10-20 13:45:20,"Sitelinks,Shopping,Thumbnail,People also ask",11000,3300,3300,2015-09-03,"Informational,Commercial,Non-branded,Non-local"
524,solkrem,防晒霜,no,0,10000,0.25,0.85,solkrem,2025-10-20 16:40:03,Sitelinks,11000,5400,5500,2015-09-19,"Informational,Commercial,Non-branded,Non-local"
525,dag solstad,戴·索尔斯塔德,no,7,10000,0.15,0.74,dag solstad,2025-10-21 03:54:27,"Knowledge panel,People also ask",13000,600,600,2015-09-01,"Informational,Non-branded,Non-local"
526,kylie jenner,凯莉·詹纳,no,80,10000,0.40,0.49,kylie jenner,2025-10-21 12:27:52,"Thumbnail,People also ask,Knowledge panel",1940000,3500,88000,2015-09-01,"Informational,Non-branded,Non-local"
527,sengetøy,亚麻布,no,0,10000,0.30,1.24,sengetøy,2025-10-21 02:38:31,Thumbnail,11000,11000,11000,2015-09-01,"Informational,Commercial,Non-branded,Non-local"
528,autisme,自闭症,no,15,10000,0.25,0.87,hva er autisme,2025-10-21 09:39:05,"Thumbnail,People also ask,Sitelinks",83000,300,300,2015-09-01,"Informational,Non-branded,Non-local"
529,tromso,特罗姆瑟,no,61,10000,0.40,0.39,tromso,2025-10-20 16:26:07,"Thumbnail,People also ask,Sitelinks",229000,3300,3500,2015-09-01,"Informational,Non-branded,Local"
530,norsk to english,挪威语 至 英语,no,2,10000,0.50,0.26,translate,2025-10-22 01:35:39,Knowledge card,13000,198000,198000,2015-09-10,"Informational,Non-branded,Non-local"
531,transelate,翻译,no,47,10000,0.20,0.24,translate,2025-10-24 04:27:50,"Knowledge card,Sitelinks,Video preview",23000,194000,194000,2015-09-01,"Informational,Non-branded,Non-local"
532,genser,毛衣,no,0,10000,0.20,0.5,genser,2025-10-22 00:30:06,"Thumbnail,Sitelinks,Knowledge panel,Shopping",11000,1700,1700,2015-09-03,"Informational,Commercial,Non-branded,Non-local"
533,kronprins haakon,哈康王储,no,2,10000,0.20,0.36,kronprins haakon,2025-10-24 17:55:43,"Top stories,Thumbnail,People also ask,Video preview,Knowledge panel",12000,5300,5400,2015-09-07,"Informational,Non-branded,Non-local"
534,restaurant,餐厅,no,29,10000,0.60,0.27,kafe i nærheten,2025-10-24 20:32:38,"People also ask,Thumbnail,Sitelinks",1760000,80,80,2015-09-01,"Informational,Non-branded,Non-local"
535,elektrisk tannbørste,电动牙刷,no,0,10000,0.70,1.07,elektrisk tannbørste,2025-10-21 21:08:22,"Shopping,Thumbnail,People also ask",11000,6600,6600,2015-09-01,"Informational,Commercial,Non-branded,Non-local"
